age,sex,bmi,children,smoker,region,charges,SSN,Phone Number
19,female,27.9,0,yes,southwest,16884.924,670-53-4748,289-594-1504x3594
18,male,33.77,1,no,southeast,1725.5523,325-91-0883,328-383-7588x4534
28,male,33,3,no,southeast,4449.462,213-95-9778,742.711.1148x375
33,male,22.705,0,no,northwest,21984.47061,385-37-4308,(565)044-9978
32,male,28.88,0,no,northwest,3866.8552,178-01-2652,482.150.4863x7553
31,female,25.74,0,no,southeast,3756.6216,097-75-7994,(939)529-7569x51381
46,female,33.44,1,no,southeast,8240.5896,008-19-4297,083-980-1146x7205
37,female,27.74,3,no,northwest,7281.5056,786-15-1900,553-552-8781
37,male,29.83,2,no,northeast,6406.4107,203-19-5161,001-173-082-0111
60,female,25.84,0,no,northwest,28923.13692,407-50-2294,011.434.1253x927
25,male,26.22,0,no,northeast,2721.3208,203-98-1131,324.381.3134x5654
62,female,26.29,0,yes,southeast,27808.7251,899-51-3936,(306)396-5103x25977
23,male,34.4,0,no,southwest,1826.843,017-12-6225,001-760-833-7774x2857
56,female,39.82,0,no,southeast,11090.7178,195-18-6257,739-003-5081
27,male,42.13,0,yes,southeast,39611.7577,542-49-1398,001-268-158-2980
19,male,24.6,1,no,southwest,1837.237,334-10-0929,466-359-3032
52,female,30.78,1,no,northeast,10797.3362,025-89-4611,926.669.5413
23,male,23.845,0,no,northeast,2395.17155,404-33-2817,001-397-736-7100
56,male,40.3,0,no,southwest,10602.385,470-55-8172,001-203-397-1125x35591
30,male,35.3,0,yes,southwest,36837.467,199-73-6230,5376274711
60,female,36.005,0,no,northeast,13228.84695,453-82-0967,(344)462-3002
30,female,32.4,1,no,southwest,4149.736,001-40-6788,+1-098-626-3156x398
18,male,34.1,0,no,southeast,1137.011,358-06-6868,396-720-9743x1460
34,female,31.92,1,yes,northeast,37701.8768,645-84-8303,+1-458-635-0068
37,male,28.025,2,no,northwest,6203.90175,799-82-6953,+1-278-631-7907x8038
59,female,27.72,3,no,southeast,14001.1338,653-15-4940,001-060-582-5559x4941
63,female,23.085,0,no,northeast,14451.83515,275-33-1298,500.387.6329x69791
55,female,32.775,2,no,northwest,12268.63225,711-67-2356,437-728-2455
23,male,17.385,1,no,northwest,2775.19215,037-49-1498,450-635-7675
31,male,36.3,2,yes,southwest,38711,779-55-7854,549-707-1431
22,male,35.6,0,yes,southwest,35585.576,858-81-4060,280.628.1002
18,female,26.315,0,no,northeast,2198.18985,268-21-6257,+1-674-269-1430x631
19,female,28.6,5,no,southwest,4687.797,067-26-3450,9456573692
63,male,28.31,0,no,northwest,13770.0979,780-17-3381,(103)375-0484x4044
28,male,36.4,1,yes,southwest,51194.55914,732-60-7569,007-923-5442x44290
19,male,20.425,0,no,northwest,1625.43375,182-82-4187,349-133-7370x180
62,female,32.965,3,no,northwest,15612.19335,790-35-9417,441-527-7880x376
26,male,20.8,0,no,southwest,2302.3,550-80-4805,(829)315-3566
35,male,36.67,1,yes,northeast,39774.2763,787-07-1125,637.989.6618x697
60,male,39.9,0,yes,southwest,48173.361,487-77-3534,(415)148-4803x25006
24,female,26.6,0,no,northeast,3046.062,311-89-5567,480.345.0826x73268
31,female,36.63,2,no,southeast,4949.7587,725-27-1051,+1-215-101-2028x8925
41,male,21.78,1,no,southeast,6272.4772,841-08-7703,+1-379-536-9547
37,female,30.8,2,no,southeast,6313.759,189-12-9832,001-902-154-8534x9364
38,male,37.05,1,no,northeast,6079.6715,186-58-5389,587.427.1910
55,male,37.3,0,no,southwest,20630.28351,390-91-7735,001-615-113-8768x175
18,female,38.665,2,no,northeast,3393.35635,480-37-7681,406-022-1089
28,female,34.77,0,no,northwest,3556.9223,087-91-8597,909.618.2148x5646
60,female,24.53,0,no,southeast,12629.8967,526-61-6023,001-646-359-6763x64885
36,male,35.2,1,yes,southeast,38709.176,237-94-7722,001-722-806-0716x8974
18,female,35.625,0,no,northeast,2211.13075,667-64-1427,(475)139-7514x45403
21,female,33.63,2,no,northwest,3579.8287,102-11-0579,001-854-659-5923x822
48,male,28,1,yes,southwest,23568.272,136-57-3793,001-737-475-5492x791
36,male,34.43,0,yes,southeast,37742.5757,135-94-0946,411-693-8818x5807
40,female,28.69,3,no,northwest,8059.6791,225-21-9779,(662)006-3421x50198
58,male,36.955,2,yes,northwest,47496.49445,083-06-9351,001-551-143-2060x0077
58,female,31.825,2,no,northeast,13607.36875,712-11-7368,001-428-601-9946
18,male,31.68,2,yes,southeast,34303.1672,309-63-2951,(507)031-5688x6330
53,female,22.88,1,yes,southeast,23244.7902,252-29-1998,(243)656-6681x915
34,female,37.335,2,no,northwest,5989.52365,566-08-3554,231.422.3406
43,male,27.36,3,no,northeast,8606.2174,075-72-4378,+1-045-476-2021x5617
25,male,33.66,4,no,southeast,4504.6624,081-93-2049,3858625447
64,male,24.7,1,no,northwest,30166.61817,526-18-7224,187.293.7103x440
28,female,25.935,1,no,northwest,4133.64165,720-34-8313,(465)375-5875
20,female,22.42,0,yes,northwest,14711.7438,526-37-6471,125.166.1791
19,female,28.9,0,no,southwest,1743.214,271-76-5670,374-692-0416x74537
61,female,39.1,2,no,southwest,14235.072,299-80-3089,043-732-5639
40,male,26.315,1,no,northwest,6389.37785,110-26-2400,+1-277-710-9104x00422
40,female,36.19,0,no,southeast,5920.1041,771-61-1051,+1-894-884-2835x450
28,male,23.98,3,yes,southeast,17663.1442,213-14-6443,067-010-2820x47841
27,female,24.75,0,yes,southeast,16577.7795,026-79-7519,(729)579-3971x332
31,male,28.5,5,no,northeast,6799.458,072-09-6598,(415)205-5376
53,female,28.1,3,no,southwest,11741.726,602-20-7479,+1-674-740-8776x1577
58,male,32.01,1,no,southeast,11946.6259,869-18-6425,266.414.7720
44,male,27.4,2,no,southwest,7726.854,379-06-3523,675.746.7324
57,male,34.01,0,no,northwest,11356.6609,461-59-4576,265.270.4327x174
29,female,29.59,1,no,southeast,3947.4131,492-94-0217,189-657-8032
21,male,35.53,0,no,southeast,1532.4697,798-98-7685,(255)066-3420x576
22,female,39.805,0,no,northeast,2755.02095,580-40-7110,0513730869
41,female,32.965,0,no,northwest,6571.02435,814-98-3153,001-426-479-0217x9095
31,male,26.885,1,no,northeast,4441.21315,270-74-4660,4055085438
45,female,38.285,0,no,northeast,7935.29115,611-68-6669,6597674876
22,male,37.62,1,yes,southeast,37165.1638,129-29-4191,186-374-5533x50308
48,female,41.23,4,no,northwest,11033.6617,884-95-9016,912-122-1427x48748
37,female,34.8,2,yes,southwest,39836.519,177-94-1351,4948859595
45,male,22.895,2,yes,northwest,21098.55405,170-63-1226,+1-559-982-0152
57,female,31.16,0,yes,northwest,43578.9394,509-69-7727,840-551-7417x364
56,female,27.2,0,no,southwest,11073.176,295-95-0160,0669044108
46,female,27.74,0,no,northwest,8026.6666,513-99-3841,601-601-5473
55,female,26.98,0,no,northwest,11082.5772,189-36-7270,(730)659-9149x74705
21,female,39.49,0,no,southeast,2026.9741,295-25-8645,856-172-9182
53,female,24.795,1,no,northwest,10942.13205,447-14-9218,001-145-382-8030x4148
59,male,29.83,3,yes,northeast,30184.9367,372-24-3125,001-043-571-5225
35,male,34.77,2,no,northwest,5729.0053,191-64-1947,(479)528-4944
64,female,31.3,2,yes,southwest,47291.055,392-87-7114,+1-403-674-3430
28,female,37.62,1,no,southeast,3766.8838,402-53-5336,247-727-9163x24479
54,female,30.8,3,no,southwest,12105.32,273-16-1677,950.634.2033x056
55,male,38.28,0,no,southeast,10226.2842,445-02-7315,952.764.2809x3378
56,male,19.95,0,yes,northeast,22412.6485,416-26-2280,(668)639-6191x9207
38,male,19.3,0,yes,southwest,15820.699,315-88-9050,+1-944-183-0862x048
41,female,31.6,0,no,southwest,6186.127,616-25-9826,002-205-7959x613
30,male,25.46,0,no,northeast,3645.0894,362-67-6748,913-708-0841x484
18,female,30.115,0,no,northeast,21344.8467,633-78-0891,(928)559-3945x42068
61,female,29.92,3,yes,southeast,30942.1918,892-10-5849,0680152408
34,female,27.5,1,no,southwest,5003.853,845-49-5580,658-323-2371
20,male,28.025,1,yes,northwest,17560.37975,257-69-9432,7474846177
19,female,28.4,1,no,southwest,2331.519,793-38-9325,5672261219
26,male,30.875,2,no,northwest,3877.30425,346-35-1153,5149204482
29,male,27.94,0,no,southeast,2867.1196,611-95-4515,+1-454-190-3730x9359
63,male,35.09,0,yes,southeast,47055.5321,148-12-2342,+1-772-075-4583x355
54,male,33.63,1,no,northwest,10825.2537,572-02-4443,(906)601-3644x11778
55,female,29.7,2,no,southwest,11881.358,640-93-9919,+1-752-188-7945x24893
37,male,30.8,0,no,southwest,4646.759,793-06-1027,695.887.8265x79936
21,female,35.72,0,no,northwest,2404.7338,410-27-5613,5778626400
52,male,32.205,3,no,northeast,11488.31695,212-02-5207,795-766-0168
60,male,28.595,0,no,northeast,30259.99556,783-59-8205,2707627623
58,male,49.06,0,no,southeast,11381.3254,668-09-1788,001-087-856-6251x57067
29,female,27.94,1,yes,southeast,19107.7796,862-77-3368,001-704-241-1153
49,female,27.17,0,no,southeast,8601.3293,301-67-1874,151.872.3809x451
37,female,23.37,2,no,northwest,6686.4313,077-01-1500,857.226.3559x2922
44,male,37.1,2,no,southwest,7740.337,245-14-4665,001-906-920-3444x319
18,male,23.75,0,no,northeast,1705.6245,641-42-3761,267.811.7962x8226
20,female,28.975,0,no,northwest,2257.47525,621-79-0581,546.907.7028x564
44,male,31.35,1,yes,northeast,39556.4945,876-34-5924,551.717.8471x699
47,female,33.915,3,no,northwest,10115.00885,531-64-3093,(447)919-3370
26,female,28.785,0,no,northeast,3385.39915,203-84-0489,086.825.1290x30598
19,female,28.3,0,yes,southwest,17081.08,786-48-1768,+1-359-661-2456
52,female,37.4,0,no,southwest,9634.538,494-15-6549,173-829-2327
32,female,17.765,2,yes,northwest,32734.1863,366-88-7844,(770)277-1301x48060
38,male,34.7,2,no,southwest,6082.405,485-36-9737,939-348-3333x567
59,female,26.505,0,no,northeast,12815.44495,263-81-9759,070-592-6638x85471
61,female,22.04,0,no,northeast,13616.3586,434-73-3568,776.305.5468x628
53,female,35.9,2,no,southwest,11163.568,256-09-7794,001-716-280-3696x338
19,male,25.555,0,no,northwest,1632.56445,460-65-4424,001-126-513-7451x165
20,female,28.785,0,no,northeast,2457.21115,078-48-4389,852-793-1386x02867
22,female,28.05,0,no,southeast,2155.6815,242-67-6369,(349)127-3321
19,male,34.1,0,no,southwest,1261.442,031-74-9152,2777504826
22,male,25.175,0,no,northwest,2045.68525,359-48-9515,578-322-1944
54,female,31.9,3,no,southeast,27322.73386,863-01-7919,0060460360
22,female,36,0,no,southwest,2166.732,359-24-8085,+1-304-810-9985x7686
34,male,22.42,2,no,northeast,27375.90478,814-54-2489,001-072-956-8882x699
26,male,32.49,1,no,northeast,3490.5491,261-60-7465,001-684-419-9505x140
34,male,25.3,2,yes,southeast,18972.495,587-83-8685,(868)937-8496x02602
29,male,29.735,2,no,northwest,18157.876,478-52-6813,239-181-6386
30,male,28.69,3,yes,northwest,20745.9891,376-25-4749,034-429-2238
29,female,38.83,3,no,southeast,5138.2567,217-19-6331,844.882.1638x5449
46,male,30.495,3,yes,northwest,40720.55105,454-11-3319,580.532.3230x07972
51,female,37.73,1,no,southeast,9877.6077,640-57-2774,(756)447-1909
53,female,37.43,1,no,northwest,10959.6947,891-04-0276,001-660-110-5341x78453
19,male,28.4,1,no,southwest,1842.519,071-62-5729,055.304.4106x952
35,male,24.13,1,no,northwest,5125.2157,449-46-2482,488.883.3440
48,male,29.7,0,no,southeast,7789.635,260-79-9253,001-196-930-5729x04834
32,female,37.145,3,no,northeast,6334.34355,546-63-4146,001-520-743-2234
42,female,23.37,0,yes,northeast,19964.7463,345-98-4135,+1-062-237-7897x735
40,female,25.46,1,no,northeast,7077.1894,471-36-8330,157-304-6606x56245
44,male,39.52,0,no,northwest,6948.7008,798-22-8174,001-490-121-9033
48,male,24.42,0,yes,southeast,21223.6758,563-92-6249,155.502.1584x81991
18,male,25.175,0,yes,northeast,15518.18025,692-80-8882,(853)163-3230
30,male,35.53,0,yes,southeast,36950.2567,864-48-7859,(151)697-9697
50,female,27.83,3,no,southeast,19749.38338,087-19-0306,001-905-639-3768x6306
42,female,26.6,0,yes,northwest,21348.706,884-58-9240,+1-764-145-9216x142
18,female,36.85,0,yes,southeast,36149.4835,416-36-8212,5126612455
54,male,39.6,1,no,southwest,10450.552,821-85-6950,084.917.6555x257
32,female,29.8,2,no,southwest,5152.134,051-61-9017,001-237-520-9887x735
37,male,29.64,0,no,northwest,5028.1466,319-41-7607,(245)667-7264
47,male,28.215,4,no,northeast,10407.08585,865-35-1174,001-871-452-2628
20,female,37,5,no,southwest,4830.63,413-82-4020,5055715424
32,female,33.155,3,no,northwest,6128.79745,846-57-2258,238-681-7818x64510
19,female,31.825,1,no,northwest,2719.27975,678-88-0284,895.860.5105x7398
27,male,18.905,3,no,northeast,4827.90495,552-40-1291,001-576-612-8702x1591
63,male,41.47,0,no,southeast,13405.3903,116-69-8981,862.563.9200x29879
49,male,30.3,0,no,southwest,8116.68,589-12-5560,930.016.0810x986
18,male,15.96,0,no,northeast,1694.7964,630-76-4584,(845)510-3717
35,female,34.8,1,no,southwest,5246.047,195-92-5275,1271801254
24,female,33.345,0,no,northwest,2855.43755,485-37-6599,001-414-310-8330x7230
63,female,37.7,0,yes,southwest,48824.45,283-94-8420,+1-107-004-8590x492
38,male,27.835,2,no,northwest,6455.86265,047-13-7411,(962)045-3039x201
54,male,29.2,1,no,southwest,10436.096,897-12-0899,(652)134-6142x528
46,female,28.9,2,no,southwest,8823.279,118-90-5424,+1-332-042-7898x843
41,female,33.155,3,no,northeast,8538.28845,409-19-7901,(811)766-9892x686
58,male,28.595,0,no,northwest,11735.87905,711-72-4313,284-314-7556x108
18,female,38.28,0,no,southeast,1631.8212,422-78-3543,+1-014-256-1530x3692
22,male,19.95,3,no,northeast,4005.4225,843-45-8391,(163)055-3311x179
44,female,26.41,0,no,northwest,7419.4779,624-36-1543,877.210.6737
44,male,30.69,2,no,southeast,7731.4271,350-13-1076,(195)855-7846x3428
36,male,41.895,3,yes,northeast,43753.33705,148-89-4880,001-816-463-2958x11212
26,female,29.92,2,no,southeast,3981.9768,742-13-8763,236-675-8206
30,female,30.9,3,no,southwest,5325.651,327-15-9163,+1-627-609-9233
41,female,32.2,1,no,southwest,6775.961,580-78-3027,871-147-2368
29,female,32.11,2,no,northwest,4922.9159,028-89-6731,0673445348
61,male,31.57,0,no,southeast,12557.6053,615-56-8567,130.625.5974
36,female,26.2,0,no,southwest,4883.866,038-05-7208,(631)242-4376x13307
25,male,25.74,0,no,southeast,2137.6536,475-79-9587,(006)293-0718
56,female,26.6,1,no,northwest,12044.342,122-81-6448,9067226541
18,male,34.43,0,no,southeast,1137.4697,069-55-2256,8352436522
19,male,30.59,0,no,northwest,1639.5631,300-63-1562,087.417.7534x6569
39,female,32.8,0,no,southwest,5649.715,011-79-9087,4218494774
45,female,28.6,2,no,southeast,8516.829,718-17-4650,(259)614-2074x309
51,female,18.05,0,no,northwest,9644.2525,180-31-3924,386.991.8158x33554
64,female,39.33,0,no,northeast,14901.5167,861-66-3976,+1-812-171-2578x045
19,female,32.11,0,no,northwest,2130.6759,116-94-7640,001-968-430-0484x0017
48,female,32.23,1,no,southeast,8871.1517,034-59-1449,599.646.3166x60572
60,female,24.035,0,no,northwest,13012.20865,074-35-5161,872-832-7156x05600
27,female,36.08,0,yes,southeast,37133.8982,807-98-2639,425-276-1755
46,male,22.3,0,no,southwest,7147.105,191-19-7266,030-073-0451x6296
28,female,28.88,1,no,northeast,4337.7352,276-63-1030,325-449-6820x584
59,male,26.4,0,no,southeast,11743.299,270-83-9480,(427)159-1669
35,male,27.74,2,yes,northeast,20984.0936,609-34-4841,310-477-4742
63,female,31.8,0,no,southwest,13880.949,154-73-1088,001-265-812-4074x22644
40,male,41.23,1,no,northeast,6610.1097,112-13-5641,+1-586-983-1840x471
20,male,33,1,no,southwest,1980.07,510-37-0864,796.714.9851x8898
40,male,30.875,4,no,northwest,8162.71625,064-65-3231,597.244.9652
24,male,28.5,2,no,northwest,3537.703,798-74-5933,(261)439-2991x80639
34,female,26.73,1,no,southeast,5002.7827,887-53-1174,001-200-528-2743x106
45,female,30.9,2,no,southwest,8520.026,586-02-0657,868.322.9938x605
41,female,37.1,2,no,southwest,7371.772,790-92-5788,(203)056-2057
53,female,26.6,0,no,northwest,10355.641,443-77-2500,+1-529-156-6555x7106
27,male,23.1,0,no,southeast,2483.736,461-14-0435,0046261066
26,female,29.92,1,no,southeast,3392.9768,732-26-2316,093.753.8267
24,female,23.21,0,no,southeast,25081.76784,617-71-9637,546-275-0120
34,female,33.7,1,no,southwest,5012.471,390-07-2252,001-783-583-6079x49805
53,female,33.25,0,no,northeast,10564.8845,885-02-5739,(270)229-8805x6651
32,male,30.8,3,no,southwest,5253.524,789-80-8710,680-501-5996x9001
19,male,34.8,0,yes,southwest,34779.615,891-28-6300,+1-799-415-5679x85810
42,male,24.64,0,yes,southeast,19515.5416,592-87-6489,001-952-685-1098x064
55,male,33.88,3,no,southeast,11987.1682,827-40-4386,(421)808-1295
28,male,38.06,0,no,southeast,2689.4954,619-84-8107,7850741209
58,female,41.91,0,no,southeast,24227.33724,737-87-5436,892-592-6019x75524
41,female,31.635,1,no,northeast,7358.17565,574-58-3057,(475)614-8165
47,male,25.46,2,no,northeast,9225.2564,584-41-0623,304-647-6108
42,female,36.195,1,no,northwest,7443.64305,513-98-8436,472.783.2319
59,female,27.83,3,no,southeast,14001.2867,466-02-6687,280-391-2913x97495
19,female,17.8,0,no,southwest,1727.785,664-10-0094,354-541-6460
59,male,27.5,1,no,southwest,12333.828,223-53-0067,+1-635-045-2781x47610
39,male,24.51,2,no,northwest,6710.1919,431-11-5294,714-260-7903x0280
40,female,22.22,2,yes,southeast,19444.2658,295-87-8756,+1-578-244-4369x96567
18,female,26.73,0,no,southeast,1615.7667,153-44-1530,001-685-151-4865
31,male,38.39,2,no,southeast,4463.2051,147-50-4593,(669)389-2313
19,male,29.07,0,yes,northwest,17352.6803,048-12-2358,381-401-5199
44,male,38.06,1,no,southeast,7152.6714,706-33-8794,610.618.9491
23,female,36.67,2,yes,northeast,38511.6283,566-11-6889,001-421-761-3990x015
33,female,22.135,1,no,northeast,5354.07465,788-82-7300,520-849-1132
55,female,26.8,1,no,southwest,35160.13457,141-46-8434,890.592.6903x2188
40,male,35.3,3,no,southwest,7196.867,472-79-1617,094-851-3504x1513
63,female,27.74,0,yes,northeast,29523.1656,878-02-0932,420.526.3198
54,male,30.02,0,no,northwest,24476.47851,621-47-9717,001-971-651-1122
60,female,38.06,0,no,southeast,12648.7034,013-44-6916,+1-897-497-6107x28269
24,male,35.86,0,no,southeast,1986.9334,455-65-2432,292.344.0874
19,male,20.9,1,no,southwest,1832.094,462-97-0006,001-528-478-7748x320
29,male,28.975,1,no,northeast,4040.55825,814-95-1121,641-389-5400
18,male,17.29,2,yes,northeast,12829.4551,482-28-1357,001-336-014-9496x65890
63,female,32.2,2,yes,southwest,47305.305,208-21-1506,(993)377-2657x807
54,male,34.21,2,yes,southeast,44260.7499,536-08-3293,001-233-293-9002x855
27,male,30.3,3,no,southwest,4260.744,555-74-0010,(518)677-6154x077
50,male,31.825,0,yes,northeast,41097.16175,532-29-9290,784.415.3907x40869
55,female,25.365,3,no,northeast,13047.33235,085-16-7506,496.105.4308x0079
56,male,33.63,0,yes,northwest,43921.1837,782-79-5425,545.018.0489
38,female,40.15,0,no,southeast,5400.9805,712-38-6302,(078)521-8937
51,male,24.415,4,no,northwest,11520.09985,842-55-1782,(376)592-3909x33005
19,male,31.92,0,yes,northwest,33750.2918,040-86-4541,001.468.6634
58,female,25.2,0,no,southwest,11837.16,296-33-5710,(415)482-5171
20,female,26.84,1,yes,southeast,17085.2676,467-14-9017,(958)942-9206x8172
52,male,24.32,3,yes,northeast,24869.8368,698-92-9351,001-464-399-9015x106
19,male,36.955,0,yes,northwest,36219.40545,484-85-1868,+1-359-927-2211x50456
53,female,38.06,3,no,southeast,20462.99766,065-52-4467,(738)436-1434x96085
46,male,42.35,3,yes,southeast,46151.1245,575-61-7687,001-844-640-9277x675
40,male,19.8,1,yes,southeast,17179.522,422-53-7120,616.461.2759x60662
59,female,32.395,3,no,northeast,14590.63205,288-78-3074,+1-085-168-0209x340
45,male,30.2,1,no,southwest,7441.053,840-25-0733,748.797.1521x4546
49,male,25.84,1,no,northeast,9282.4806,885-97-3867,818-110-0368
18,male,29.37,1,no,southeast,1719.4363,446-11-4452,851.673.8372x849
50,male,34.2,2,yes,southwest,42856.838,899-84-1692,022.711.1111
41,male,37.05,2,no,northwest,7265.7025,376-94-3200,001-791-733-9955x0436
50,male,27.455,1,no,northeast,9617.66245,620-98-6017,001-282-456-6666x4111
25,male,27.55,0,no,northwest,2523.1695,373-81-4026,001-903-964-6925x5794
47,female,26.6,2,no,northeast,9715.841,369-27-3040,(751)423-0004x71835
19,male,20.615,2,no,northwest,2803.69785,381-59-8914,850.439.0511x7718
22,female,24.3,0,no,southwest,2150.469,491-73-7652,+1-736-394-6133
59,male,31.79,2,no,southeast,12928.7911,335-54-2412,+1-582-203-7530x06491
51,female,21.56,1,no,southeast,9855.1314,724-26-4772,+1-801-802-1974x37168
40,female,28.12,1,yes,northeast,22331.5668,704-19-9993,028-672-2614x2614
54,male,40.565,3,yes,northeast,48549.17835,268-42-8441,+1-270-662-4382x5488
30,male,27.645,1,no,northeast,4237.12655,183-29-3379,001-038-235-3805x5040
55,female,32.395,1,no,northeast,11879.10405,581-56-7734,(898)985-5541
52,female,31.2,0,no,southwest,9625.92,384-13-0994,(946)993-0663x476
46,male,26.62,1,no,southeast,7742.1098,691-66-9249,(643)682-8373x9170
46,female,48.07,2,no,northeast,9432.9253,594-61-3223,(518)352-2699x6900
63,female,26.22,0,no,northwest,14256.1928,274-58-5329,(037)945-0996x4614
59,female,36.765,1,yes,northeast,47896.79135,059-68-6513,001-920-116-1722x0667
52,male,26.4,3,no,southeast,25992.82104,629-33-8346,001-790-875-6571x2900
28,female,33.4,0,no,southwest,3172.018,860-09-5991,073.877.0894x606
29,male,29.64,1,no,northeast,20277.80751,540-24-4781,001-026-098-9706x89341
25,male,45.54,2,yes,southeast,42112.2356,257-90-1488,+1-057-152-8715
22,female,28.82,0,no,southeast,2156.7518,027-87-2145,437-219-8602x38237
25,male,26.8,3,no,southwest,3906.127,830-10-1060,+1-694-852-2351
18,male,22.99,0,no,northeast,1704.5681,432-75-5159,607-152-3882x2869
19,male,27.7,0,yes,southwest,16297.846,665-50-5117,001-149-702-6873x3149
47,male,25.41,1,yes,southeast,21978.6769,635-16-0069,001-193-012-9897x240
31,male,34.39,3,yes,northwest,38746.3551,040-63-3247,(526)800-1710x02266
48,female,28.88,1,no,northwest,9249.4952,684-08-7597,(246)943-1767x594
36,male,27.55,3,no,northeast,6746.7425,263-98-4359,(425)483-3820x3740
53,female,22.61,3,yes,northeast,24873.3849,779-67-6028,622.882.4384x57547
56,female,37.51,2,no,southeast,12265.5069,787-17-3064,+1-136-675-3991x02129
28,female,33,2,no,southeast,4349.462,412-42-1821,+1-309-055-4477x766
57,female,38,2,no,southwest,12646.207,239-53-0678,207-028-7613x862
29,male,33.345,2,no,northwest,19442.3535,649-02-9341,001-822-364-3363x6418
28,female,27.5,2,no,southwest,20177.67113,069-70-1540,438.464.4277
30,female,33.33,1,no,southeast,4151.0287,142-13-2090,1668009054
58,male,34.865,0,no,northeast,11944.59435,808-91-2022,(907)226-4507
41,female,33.06,2,no,northwest,7749.1564,512-23-2806,001-074-132-0691x907
50,male,26.6,0,no,southwest,8444.474,539-72-2588,(666)443-2199x622
19,female,24.7,0,no,southwest,1737.376,849-77-3711,001-430-011-7379x6752
43,male,35.97,3,yes,southeast,42124.5153,675-93-5820,+1-247-974-5700x92915
49,male,35.86,0,no,southeast,8124.4084,037-13-6658,+1-031-179-1835
27,female,31.4,0,yes,southwest,34838.873,423-49-2408,963-651-2294x788
52,male,33.25,0,no,northeast,9722.7695,509-73-1202,(759)718-9637
50,male,32.205,0,no,northwest,8835.26495,503-76-0164,+1-932-713-6124x5281
54,male,32.775,0,no,northeast,10435.06525,226-34-6814,001-299-373-1313x101
44,female,27.645,0,no,northwest,7421.19455,374-19-2241,(697)337-8548x094
32,male,37.335,1,no,northeast,4667.60765,737-55-5943,+1-908-415-0468x1162
34,male,25.27,1,no,northwest,4894.7533,665-67-9278,+1-291-689-5715x8084
26,female,29.64,4,no,northeast,24671.66334,164-64-7346,939-988-5983x94691
34,male,30.8,0,yes,southwest,35491.64,482-75-4225,270-961-1641
57,male,40.945,0,no,northeast,11566.30055,846-28-9725,001-603-456-1498x9074
29,male,27.2,0,no,southwest,2866.091,693-50-2087,+1-803-094-2137x137
40,male,34.105,1,no,northeast,6600.20595,696-83-7951,001-019-306-3683x9199
27,female,23.21,1,no,southeast,3561.8889,256-77-1839,803.976.6697x231
45,male,36.48,2,yes,northwest,42760.5022,684-97-9189,853-605-2009
64,female,33.8,1,yes,southwest,47928.03,307-45-2191,190.516.2386
52,male,36.7,0,no,southwest,9144.565,573-03-5171,152.476.9491x87722
61,female,36.385,1,yes,northeast,48517.56315,696-61-2078,(250)337-8310x9429
52,male,27.36,0,yes,northwest,24393.6224,390-99-5262,(540)860-6018x768
61,female,31.16,0,no,northwest,13429.0354,149-64-8994,484-167-8554x061
56,female,28.785,0,no,northeast,11658.37915,156-23-3880,743-892-3217x9244
43,female,35.72,2,no,northeast,19144.57652,812-65-9893,(028)510-9481
64,male,34.5,0,no,southwest,13822.803,722-28-0535,001-488-982-9301x40072
60,male,25.74,0,no,southeast,12142.5786,024-03-7623,250.455.1308x9450
62,male,27.55,1,no,northwest,13937.6665,219-81-5129,(460)156-3046x8039
50,male,32.3,1,yes,northeast,41919.097,015-28-2130,753-701-9243x7638
46,female,27.72,1,no,southeast,8232.6388,493-81-8821,+1-543-609-6551
24,female,27.6,0,no,southwest,18955.22017,725-01-8843,419.818.0364
62,male,30.02,0,no,northwest,13352.0998,414-20-0436,(118)674-2880x94311
60,female,27.55,0,no,northeast,13217.0945,639-93-9696,001-374-807-2076x9795
63,male,36.765,0,no,northeast,13981.85035,172-82-8947,(341)398-5353x05413
49,female,41.47,4,no,southeast,10977.2063,635-47-6280,179.937.7996x40952
34,female,29.26,3,no,southeast,6184.2994,018-91-6380,4754318994
33,male,35.75,2,no,southeast,4889.9995,721-94-7334,001-116-260-9692x750
46,male,33.345,1,no,northeast,8334.45755,718-12-5414,001-227-957-9794x4625
36,female,29.92,1,no,southeast,5478.0368,850-91-4543,776-379-6725x01572
19,male,27.835,0,no,northwest,1635.73365,192-81-5296,564.527.6352x2982
57,female,23.18,0,no,northwest,11830.6072,472-16-3497,998.562.9873x745
50,female,25.6,0,no,southwest,8932.084,432-57-2401,001-196-763-6295x9058
30,female,27.7,0,no,southwest,3554.203,014-09-9456,(430)121-5186x763
33,male,35.245,0,no,northeast,12404.8791,870-79-4331,995-806-6625x508
18,female,38.28,0,no,southeast,14133.03775,506-17-7677,(196)088-1475
46,male,27.6,0,no,southwest,24603.04837,285-48-0697,760.984.3966
46,male,43.89,3,no,southeast,8944.1151,564-78-0247,(142)968-7222x27125
47,male,29.83,3,no,northwest,9620.3307,438-85-6478,806-511-7092x296
23,male,41.91,0,no,southeast,1837.2819,838-48-6914,287.111.6875x860
18,female,20.79,0,no,southeast,1607.5101,408-54-5923,356.412.9548x742
48,female,32.3,2,no,northeast,10043.249,576-83-2633,0279097176
35,male,30.5,1,no,southwest,4751.07,020-02-5956,001-258-492-5571
19,female,21.7,0,yes,southwest,13844.506,750-76-3756,(229)317-1445x08207
21,female,26.4,1,no,southwest,2597.779,875-41-4622,001-872-639-2937
21,female,21.89,2,no,southeast,3180.5101,794-18-9857,(570)086-4376x28232
49,female,30.78,1,no,northeast,9778.3472,217-93-9338,(092)331-0519x4317
56,female,32.3,3,no,northeast,13430.265,399-38-7301,+1-062-191-5140x408
42,female,24.985,2,no,northwest,8017.06115,581-54-9317,163.460.7693
44,male,32.015,2,no,northwest,8116.26885,504-52-9359,337.957.7644
18,male,30.4,3,no,northeast,3481.868,506-65-5331,(997)116-4529
61,female,21.09,0,no,northwest,13415.0381,286-50-8339,(527)444-0716x03962
57,female,22.23,0,no,northeast,12029.2867,886-46-8104,545-687-1954x8359
42,female,33.155,1,no,northeast,7639.41745,684-30-7381,7846417159
26,male,32.9,2,yes,southwest,36085.219,055-40-8650,(771)759-6908x49831
20,male,33.33,0,no,southeast,1391.5287,646-16-6210,211.108.4737
23,female,28.31,0,yes,northwest,18033.9679,295-18-1672,001-910-570-7872
39,female,24.89,3,yes,northeast,21659.9301,123-96-4923,(852)787-8691x25990
24,male,40.15,0,yes,southeast,38126.2465,759-90-2392,596-859-3882x58762
64,female,30.115,3,no,northwest,16455.70785,502-70-0591,6251607103
62,male,31.46,1,no,southeast,27000.98473,219-75-5847,(771)468-4808x561
27,female,17.955,2,yes,northeast,15006.57945,478-65-1291,5369873077
55,male,30.685,0,yes,northeast,42303.69215,710-45-3218,875-262-5421
55,male,33,0,no,southeast,20781.48892,525-73-3730,492.700.7490
35,female,43.34,2,no,southeast,5846.9176,366-86-4662,+1-983-421-6358
44,male,22.135,2,no,northeast,8302.53565,169-11-0049,001-391-103-7451x40750
19,male,34.4,0,no,southwest,1261.859,503-69-6917,0105091864
58,female,39.05,0,no,southeast,11856.4115,821-66-4587,930.452.9110x0532
50,male,25.365,2,no,northwest,30284.64294,121-51-5811,001-848-144-3419x64214
26,female,22.61,0,no,northwest,3176.8159,330-18-8896,415-528-9832x2355
24,female,30.21,3,no,northwest,4618.0799,523-46-0216,978-902-5474
48,male,35.625,4,no,northeast,10736.87075,866-06-1875,564-027-7841
19,female,37.43,0,no,northwest,2138.0707,106-32-9608,049.072.6734
48,male,31.445,1,no,northeast,8964.06055,272-43-6918,+1-515-625-2821x5196
49,male,31.35,1,no,northeast,9290.1395,111-46-4434,933.705.4101x60392
46,female,32.3,2,no,northeast,9411.005,750-31-8958,215-619-0423x79129
46,male,19.855,0,no,northwest,7526.70645,095-50-0589,(455)441-0826
43,female,34.4,3,no,southwest,8522.003,412-38-6459,+1-634-555-9234x50122
21,male,31.02,0,no,southeast,16586.49771,810-65-8332,+1-577-973-2684x97788
64,male,25.6,2,no,southwest,14988.432,084-44-0109,+1-809-982-9334x264
18,female,38.17,0,no,southeast,1631.6683,356-14-3823,+1-123-074-8042x2638
51,female,20.6,0,no,southwest,9264.797,865-81-9736,7469889761
47,male,47.52,1,no,southeast,8083.9198,112-65-5445,469.867.7507
64,female,32.965,0,no,northwest,14692.66935,159-06-8574,+1-333-922-6509
49,male,32.3,3,no,northwest,10269.46,297-41-8860,+1-145-015-9850x398
31,male,20.4,0,no,southwest,3260.199,105-26-9749,+1-457-899-5537x699
52,female,38.38,2,no,northeast,11396.9002,422-95-0846,428-415-0953x531
33,female,24.31,0,no,southeast,4185.0979,138-92-3123,(145)870-6658x063
47,female,23.6,1,no,southwest,8539.671,408-19-8704,1422495908
38,male,21.12,3,no,southeast,6652.5288,037-86-3753,(733)794-6575x37791
32,male,30.03,1,no,southeast,4074.4537,247-65-1180,1175003129
19,male,17.48,0,no,northwest,1621.3402,775-66-5257,001-362-646-6498x43874
44,female,20.235,1,yes,northeast,19594.80965,298-87-3861,2270244359
26,female,17.195,2,yes,northeast,14455.64405,318-49-4045,937.738.2350
25,male,23.9,5,no,southwest,5080.096,173-57-1687,218-844-5501x2345
19,female,35.15,0,no,northwest,2134.9015,499-47-8915,708.010.7276
43,female,35.64,1,no,southeast,7345.7266,522-38-4759,+1-260-772-7076x624
52,male,34.1,0,no,southeast,9140.951,686-70-5560,(272)517-5642
36,female,22.6,2,yes,southwest,18608.262,556-04-5002,+1-420-579-1988
64,male,39.16,1,no,southeast,14418.2804,611-38-4646,955.288.0133
63,female,26.98,0,yes,northwest,28950.4692,728-09-0430,+1-556-302-5622x73589
64,male,33.88,0,yes,southeast,46889.2612,557-30-8724,+1-447-545-4278x64581
61,male,35.86,0,yes,southeast,46599.1084,205-58-5725,+1-671-399-3622x76737
40,male,32.775,1,yes,northeast,39125.33225,063-22-3791,(417)295-0782x5127
25,male,30.59,0,no,northeast,2727.3951,565-29-0680,634.540.4534x987
48,male,30.2,2,no,southwest,8968.33,405-71-5394,495.871.9031
45,male,24.31,5,no,southeast,9788.8659,017-82-8564,326-376-8113x8041
38,female,27.265,1,no,northeast,6555.07035,393-83-6916,(222)123-9796
18,female,29.165,0,no,northeast,7323.734819,748-59-8475,543-154-1430x24587
21,female,16.815,1,no,northeast,3167.45585,349-34-2561,418-891-4892x804
27,female,30.4,3,no,northwest,18804.7524,772-59-4601,359.757.7496x25863
19,male,33.1,0,no,southwest,23082.95533,459-80-5817,+1-719-751-0787
29,female,20.235,2,no,northwest,4906.40965,379-12-4379,062.488.8906x00639
42,male,26.9,0,no,southwest,5969.723,699-15-8970,963.532.9878x680
60,female,30.5,0,no,southwest,12638.195,022-09-1083,001-000-505-1111
31,male,28.595,1,no,northwest,4243.59005,240-67-4616,136.266.9862x75225
60,male,33.11,3,no,southeast,13919.8229,094-06-1000,(576)113-1353x659
22,male,31.73,0,no,northeast,2254.7967,058-17-4555,+1-135-151-1909x764
35,male,28.9,3,no,southwest,5926.846,886-20-4259,672.575.0079x67395
52,female,46.75,5,no,southeast,12592.5345,169-22-4370,001-168-261-5634x2435
26,male,29.45,0,no,northeast,2897.3235,647-46-3078,455-004-5343
31,female,32.68,1,no,northwest,4738.2682,222-15-7948,+1-977-831-8917
33,female,33.5,0,yes,southwest,37079.372,805-50-1857,+1-274-516-5244
18,male,43.01,0,no,southeast,1149.3959,897-49-4798,483-625-3874x6743
59,female,36.52,1,no,southeast,28287.89766,371-04-2752,(391)487-4126x47511
56,male,26.695,1,yes,northwest,26109.32905,063-39-9655,001-466-737-0373x596
45,female,33.1,0,no,southwest,7345.084,024-11-4168,(374)744-6236x027
60,male,29.64,0,no,northeast,12730.9996,039-55-3132,+1-977-388-2225x67043
56,female,25.65,0,no,northwest,11454.0215,397-79-7402,001-928-559-7970x989
40,female,29.6,0,no,southwest,5910.944,560-34-7207,(232)209-5412
35,male,38.6,1,no,southwest,4762.329,755-80-2658,(401)455-4375x3283
39,male,29.6,4,no,southwest,7512.267,277-55-9517,864-075-6410x84464
30,male,24.13,1,no,northwest,4032.2407,890-94-2632,+1-398-740-1493
24,male,23.4,0,no,southwest,1969.614,865-77-9043,001-792-000-4572x700
20,male,29.735,0,no,northwest,1769.53165,860-55-0760,174.878.2102
32,male,46.53,2,no,southeast,4686.3887,845-76-9161,+1-116-626-8586x4074
59,male,37.4,0,no,southwest,21797.0004,750-96-1149,733-592-4291x48273
55,female,30.14,2,no,southeast,11881.9696,051-73-1340,(745)121-3181x930
57,female,30.495,0,no,northwest,11840.77505,742-19-5269,+1-125-144-8085x222
56,male,39.6,0,no,southwest,10601.412,693-45-2025,544-601-4521
40,female,33,3,no,southeast,7682.67,461-81-7931,001-534-128-6572
49,female,36.63,3,no,southeast,10381.4787,405-11-9908,974.594.3974
42,male,30,0,yes,southwest,22144.032,573-53-3943,001-370-140-7812x265
62,female,38.095,2,no,northeast,15230.32405,145-48-8469,(456)344-2027
56,male,25.935,0,no,northeast,11165.41765,414-01-0276,(513)219-5787x92930
19,male,25.175,0,no,northwest,1632.03625,350-04-7136,001-485-573-4280x2461
30,female,28.38,1,yes,southeast,19521.9682,176-83-7038,439.836.9805
60,female,28.7,1,no,southwest,13224.693,795-07-8845,(451)876-3463
56,female,33.82,2,no,northwest,12643.3778,051-05-6722,001-402-405-4348
28,female,24.32,1,no,northeast,23288.9284,648-04-7492,339.104.0328
18,female,24.09,1,no,southeast,2201.0971,853-33-0550,752-683-0524x2204
27,male,32.67,0,no,southeast,2497.0383,060-01-6319,(000)219-6743x967
18,female,30.115,0,no,northeast,2203.47185,300-69-1633,502.520.7922x9039
19,female,29.8,0,no,southwest,1744.465,758-53-6577,(335)223-8517
47,female,33.345,0,no,northeast,20878.78443,169-64-9689,(110)661-6937
54,male,25.1,3,yes,southwest,25382.297,101-33-5172,+1-158-443-0853
61,male,28.31,1,yes,northwest,28868.6639,659-98-5042,103-747-9819x23701
24,male,28.5,0,yes,northeast,35147.52848,112-63-6937,613.269.3062
25,male,35.625,0,no,northwest,2534.39375,003-33-8145,(561)863-9663x67298
21,male,36.85,0,no,southeast,1534.3045,848-37-5968,1644125663
23,male,32.56,0,no,southeast,1824.2854,393-35-0037,237.801.3311x50349
63,male,41.325,3,no,northwest,15555.18875,709-50-8527,(437)581-9371x9142
49,male,37.51,2,no,southeast,9304.7019,094-67-3682,485-936-5545
18,female,31.35,0,no,southeast,1622.1885,404-65-9101,4979952242
51,female,39.5,1,no,southwest,9880.068,815-38-2634,+1-798-679-7383x095
48,male,34.3,3,no,southwest,9563.029,283-30-4544,+1-072-528-5570x8932
31,female,31.065,0,no,northeast,4347.02335,539-24-5297,(060)987-2875x522
54,female,21.47,3,no,northwest,12475.3513,265-69-7674,001-482-940-0937x0179
19,male,28.7,0,no,southwest,1253.936,095-02-6890,+1-011-923-6187x3779
44,female,38.06,0,yes,southeast,48885.13561,833-10-6327,(357)724-0983
53,male,31.16,1,no,northwest,10461.9794,378-68-8982,166.163.7448x12593
19,female,32.9,0,no,southwest,1748.774,166-08-9657,(623)215-5407x9520
61,female,25.08,0,no,southeast,24513.09126,410-18-0418,006-216-5252x972
18,female,25.08,0,no,northeast,2196.4732,715-26-4395,982.966.1305
61,male,43.4,0,no,southwest,12574.049,825-30-3251,(880)041-7255x110
21,male,25.7,4,yes,southwest,17942.106,712-88-3874,418-870-2682
20,male,27.93,0,no,northeast,1967.0227,814-33-2699,+1-535-237-8611x939
31,female,23.6,2,no,southwest,4931.647,015-75-6263,+1-351-958-3519x0682
45,male,28.7,2,no,southwest,8027.968,667-53-1985,+1-197-365-5238x691
44,female,23.98,2,no,southeast,8211.1002,163-20-5134,(705)477-3401
62,female,39.2,0,no,southwest,13470.86,055-84-7977,+1-493-785-5185x268
29,male,34.4,0,yes,southwest,36197.699,755-49-6767,351.995.3691
43,male,26.03,0,no,northeast,6837.3687,196-42-8236,2137761882
51,male,23.21,1,yes,southeast,22218.1149,465-26-6689,856.231.6976
19,male,30.25,0,yes,southeast,32548.3405,090-38-5437,578.818.1091
38,female,28.93,1,no,southeast,5974.3847,209-70-3555,+1-047-658-3473x05806
37,male,30.875,3,no,northwest,6796.86325,278-94-8184,112-058-6004x02035
22,male,31.35,1,no,northwest,2643.2685,378-20-5495,+1-902-895-2729x807
21,male,23.75,2,no,northwest,3077.0955,857-18-7202,(324)657-2758
24,female,25.27,0,no,northeast,3044.2133,730-63-5628,001-530-440-8792x102
57,female,28.7,0,no,southwest,11455.28,670-04-3220,001-494-892-6033x19468
56,male,32.11,1,no,northeast,11763.0009,334-13-6733,847.897.7276
27,male,33.66,0,no,southeast,2498.4144,517-32-7691,(891)820-2498x981
51,male,22.42,0,no,northeast,9361.3268,801-56-8272,396.791.2575x22622
19,male,30.4,0,no,southwest,1256.299,796-33-4281,(746)527-2290x3564
39,male,28.3,1,yes,southwest,21082.16,787-33-6749,+1-702-511-4513
58,male,35.7,0,no,southwest,11362.755,039-88-7367,589.957.2149x06195
20,male,35.31,1,no,southeast,27724.28875,015-14-2802,499-291-2279x9720
45,male,30.495,2,no,northwest,8413.46305,364-06-1271,(024)590-2402
35,female,31,1,no,southwest,5240.765,168-76-3192,+1-620-825-5435x862
31,male,30.875,0,no,northeast,3857.75925,811-70-9215,001-670-736-8265x1033
50,female,27.36,0,no,northeast,25656.57526,492-33-3324,0430620738
32,female,44.22,0,no,southeast,3994.1778,669-66-3856,6684389813
51,female,33.915,0,no,northeast,9866.30485,159-34-0394,001-320-418-1026
38,female,37.73,0,no,southeast,5397.6167,099-01-8792,(285)160-1080
42,male,26.07,1,yes,southeast,38245.59327,435-44-3242,8548136266
18,female,33.88,0,no,southeast,11482.63485,338-17-7917,(071)028-7799x69600
19,female,30.59,2,no,northwest,24059.68019,885-18-8446,1928063698
51,female,25.8,1,no,southwest,9861.025,803-39-8500,357.722.5725x34833
46,male,39.425,1,no,northeast,8342.90875,637-65-1601,9196302429
18,male,25.46,0,no,northeast,1708.0014,033-04-5627,(512)060-9133
57,male,42.13,1,yes,southeast,48675.5177,509-51-2168,(532)986-3263x000
62,female,31.73,0,no,northeast,14043.4767,803-40-3532,+1-119-550-9514x04732
59,male,29.7,2,no,southeast,12925.886,774-87-8526,171-931-8731
37,male,36.19,0,no,southeast,19214.70553,149-23-9290,238.197.2457
64,male,40.48,0,no,southeast,13831.1152,721-66-1443,512-293-0685
38,male,28.025,1,no,northeast,6067.12675,316-02-4765,(720)436-3245
33,female,38.9,3,no,southwest,5972.378,497-38-5526,494-839-0307
46,female,30.2,2,no,southwest,8825.086,787-89-4858,001-951-872-7092x9556
46,female,28.05,1,no,southeast,8233.0975,281-77-0280,(491)602-4843
53,male,31.35,0,no,southeast,27346.04207,649-96-7739,(894)027-0100x68019
34,female,38,3,no,southwest,6196.448,191-04-7729,609.823.6647x3994
20,female,31.79,2,no,southeast,3056.3881,313-13-4393,958.540.3894x486
63,female,36.3,0,no,southeast,13887.204,225-82-8608,001-738-935-9335x8794
54,female,47.41,0,yes,southeast,63770.42801,739-63-3683,305-940-9110x63964
54,male,30.21,0,no,northwest,10231.4999,566-51-7325,001-003-666-0520x811
49,male,25.84,2,yes,northwest,23807.2406,041-15-2537,001-836-748-5060x4195
28,male,35.435,0,no,northeast,3268.84665,732-82-9919,+1-350-586-5379x88985
54,female,46.7,2,no,southwest,11538.421,024-07-7414,+1-751-103-8903x253
25,female,28.595,0,no,northeast,3213.62205,226-01-7081,(004)093-0531x7632
43,female,46.2,0,yes,southeast,45863.205,306-01-4540,136.371.7458
63,male,30.8,0,no,southwest,13390.559,524-38-5352,001-447-785-4898x750
32,female,28.93,0,no,southeast,3972.9247,697-19-1702,(530)729-3641
62,male,21.4,0,no,southwest,12957.118,892-83-0405,001-991-046-6254
52,female,31.73,2,no,northwest,11187.6567,292-37-4859,878.662.0588
25,female,41.325,0,no,northeast,17878.90068,190-59-4137,+1-945-933-4302x2539
28,male,23.8,2,no,southwest,3847.674,716-88-6318,+1-879-456-3997x781
46,male,33.44,1,no,northeast,8334.5896,071-30-8145,886.778.7748
34,male,34.21,0,no,southeast,3935.1799,218-16-2789,+1-683-861-3566
35,female,34.105,3,yes,northwest,39983.42595,489-48-8316,(339)398-8183x6278
19,male,35.53,0,no,northwest,1646.4297,619-14-4864,(398)459-5226
46,female,19.95,2,no,northwest,9193.8385,187-29-9457,638-008-6091x94136
54,female,32.68,0,no,northeast,10923.9332,611-17-2998,(399)171-8900
27,male,30.5,0,no,southwest,2494.022,320-42-7982,2101345350
50,male,44.77,1,no,southeast,9058.7303,090-85-8217,799-859-9069x87346
18,female,32.12,2,no,southeast,2801.2588,125-11-2439,5691651312
19,female,30.495,0,no,northwest,2128.43105,882-26-3622,001-237-881-7663x074
38,female,40.565,1,no,northwest,6373.55735,770-71-5332,001-967-774-3674x96436
41,male,30.59,2,no,northwest,7256.7231,610-10-8444,001-847-213-2240x6386
49,female,31.9,5,no,southwest,11552.904,279-74-8552,001-724-522-9491x68565
48,male,40.565,2,yes,northwest,45702.02235,153-80-4824,959-892-8436
31,female,29.1,0,no,southwest,3761.292,614-57-4292,(150)630-6435
18,female,37.29,1,no,southeast,2219.4451,296-51-5502,+1-782-490-8747
30,female,43.12,2,no,southeast,4753.6368,698-73-5888,306.784.8334x04810
62,female,36.86,1,no,northeast,31620.00106,331-55-0048,+1-848-019-8128x2735
57,female,34.295,2,no,northeast,13224.05705,872-84-1200,+1-834-104-5185x5890
58,female,27.17,0,no,northwest,12222.8983,451-51-9935,317.192.3033
22,male,26.84,0,no,southeast,1664.9996,678-34-2351,267-030-3033
31,female,38.095,1,yes,northeast,58571.07448,299-09-3609,001-516-240-3265x7510
52,male,30.2,1,no,southwest,9724.53,512-31-7114,787-327-1102x66703
25,female,23.465,0,no,northeast,3206.49135,631-27-1839,513-747-0341x767
59,male,25.46,1,no,northeast,12913.9924,517-79-1674,074-984-6189x867
19,male,30.59,0,no,northwest,1639.5631,744-60-4046,7124336580
39,male,45.43,2,no,southeast,6356.2707,418-98-9182,(879)932-3616x238
32,female,23.65,1,no,southeast,17626.23951,286-05-2566,+1-775-126-7395x068
19,male,20.7,0,no,southwest,1242.816,375-34-9177,(401)798-1630x39913
33,female,28.27,1,no,southeast,4779.6023,726-43-8856,1521850320
21,male,20.235,3,no,northeast,3861.20965,112-91-1027,129.158.9013
34,female,30.21,1,yes,northwest,43943.8761,378-19-6215,991-196-2259
61,female,35.91,0,no,northeast,13635.6379,782-23-5523,(977)259-3223
38,female,30.69,1,no,southeast,5976.8311,062-17-8071,+1-949-635-9249x848
58,female,29,0,no,southwest,11842.442,550-57-7068,617.127.5222x835
47,male,19.57,1,no,northwest,8428.0693,348-66-1281,398-309-8788
20,male,31.13,2,no,southeast,2566.4707,124-69-3715,001-403-439-3608x3431
21,female,21.85,1,yes,northeast,15359.1045,660-46-2831,+1-033-834-4113x85606
41,male,40.26,0,no,southeast,5709.1644,871-09-7774,(936)564-5222x117
46,female,33.725,1,no,northeast,8823.98575,483-04-9938,(824)006-8895x24440
42,female,29.48,2,no,southeast,7640.3092,599-40-2043,(091)667-5236x5654
34,female,33.25,1,no,northeast,5594.8455,279-32-6861,001-895-414-2777x36791
43,male,32.6,2,no,southwest,7441.501,372-71-7435,+1-046-981-3722x741
52,female,37.525,2,no,northwest,33471.97189,704-52-2388,(975)390-2062x874
18,female,39.16,0,no,southeast,1633.0444,857-25-9294,+1-433-800-0196x9759
51,male,31.635,0,no,northwest,9174.13565,890-15-5796,001-847-073-6846
56,female,25.3,0,no,southwest,11070.535,893-65-0215,(192)145-1102x21757
64,female,39.05,3,no,southeast,16085.1275,316-70-6621,961-896-1071x811
19,female,28.31,0,yes,northwest,17468.9839,807-89-8163,387-648-1694x64566
51,female,34.1,0,no,southeast,9283.562,518-07-5448,245.056.0870x1052
27,female,25.175,0,no,northeast,3558.62025,064-84-0444,185-567-1045x845
59,female,23.655,0,yes,northwest,25678.77845,501-58-6726,(438)020-3400
28,male,26.98,2,no,northeast,4435.0942,753-74-0524,435.666.0427x6838
30,male,37.8,2,yes,southwest,39241.442,090-79-5450,+1-490-742-8135x53902
47,female,29.37,1,no,southeast,8547.6913,427-48-9595,001-345-134-7275
38,female,34.8,2,no,southwest,6571.544,801-68-0213,788.397.9166x304
18,female,33.155,0,no,northeast,2207.69745,833-51-5616,295.047.7723
34,female,19,3,no,northeast,6753.038,189-04-3283,(673)814-8312
20,female,33,0,no,southeast,1880.07,054-25-2149,001-293-915-8973x7755
47,female,36.63,1,yes,southeast,42969.8527,738-72-7385,794.218.9773x763
56,female,28.595,0,no,northeast,11658.11505,502-87-7570,9627049867
49,male,25.6,2,yes,southwest,23306.547,726-56-3760,434-758-5338
19,female,33.11,0,yes,southeast,34439.8559,248-87-3978,+1-315-771-5712x067
55,female,37.1,0,no,southwest,10713.644,170-62-8137,+1-112-533-0307x38971
30,male,31.4,1,no,southwest,3659.346,243-44-9074,212.248.9061x337
37,male,34.1,4,yes,southwest,40182.246,271-01-3753,217.246.4951x4685
49,female,21.3,1,no,southwest,9182.17,161-61-7815,+1-692-487-6307x385
18,male,33.535,0,yes,northeast,34617.84065,248-98-9691,123-728-9200
59,male,28.785,0,no,northwest,12129.61415,269-81-9180,001-541-341-5882x99684
29,female,26.03,0,no,northwest,3736.4647,116-87-3404,812.655.1751x589
36,male,28.88,3,no,northeast,6748.5912,175-96-0412,(693)886-9509x8767
33,male,42.46,1,no,southeast,11326.71487,891-21-6220,001-940-273-5432x48796
58,male,38,0,no,southwest,11365.952,586-11-5697,995-388-8416
44,female,38.95,0,yes,northwest,42983.4585,190-51-2857,001-496-971-4558x0089
53,male,36.1,1,no,southwest,10085.846,197-72-8939,001-569-555-3978x427
24,male,29.3,0,no,southwest,1977.815,440-33-5987,7816759346
29,female,35.53,0,no,southeast,3366.6697,796-01-7040,009-823-1648
40,male,22.705,2,no,northeast,7173.35995,636-98-1560,850-259-3855
51,male,39.7,1,no,southwest,9391.346,345-78-1765,611.888.3971
64,male,38.19,0,no,northeast,14410.9321,317-91-3513,738.678.4701x337
19,female,24.51,1,no,northwest,2709.1119,597-32-8675,001-107-295-2387x124
35,female,38.095,2,no,northeast,24915.04626,767-22-1323,607.600.6239x613
39,male,26.41,0,yes,northeast,20149.3229,369-48-4301,461.919.1551x097
56,male,33.66,4,no,southeast,12949.1554,357-49-5852,6640620524
33,male,42.4,5,no,southwest,6666.243,081-80-6179,489.348.0593
42,male,28.31,3,yes,northwest,32787.45859,477-33-7006,666.657.1490x72128
61,male,33.915,0,no,northeast,13143.86485,510-57-5146,+1-020-686-0696x244
23,female,34.96,3,no,northwest,4466.6214,550-54-5078,(645)606-5014
43,male,35.31,2,no,southeast,18806.14547,733-62-7216,037.416.0398x6681
48,male,30.78,3,no,northeast,10141.1362,032-98-6053,648-911-6658x6532
39,male,26.22,1,no,northwest,6123.5688,274-07-8829,2035902038
40,female,23.37,3,no,northeast,8252.2843,768-39-7193,5694250911
18,male,28.5,0,no,northeast,1712.227,099-54-9462,110.864.9047x57934
58,female,32.965,0,no,northeast,12430.95335,688-72-4068,(921)320-3850
49,female,42.68,2,no,southeast,9800.8882,617-90-1917,(658)183-8495
53,female,39.6,1,no,southeast,10579.711,222-22-0581,001-124-149-9559x167
48,female,31.13,0,no,southeast,8280.6227,204-74-4165,(495)457-4493
45,female,36.3,2,no,southeast,8527.532,649-78-0303,098.379.6230x724
59,female,35.2,0,no,southeast,12244.531,217-23-1914,549-806-3219x65663
52,female,25.3,2,yes,southeast,24667.419,450-79-1156,373-042-3217x72600
26,female,42.4,1,no,southwest,3410.324,066-87-6803,734.545.4478
27,male,33.155,2,no,northwest,4058.71245,434-59-6573,(168)637-2751x8579
48,female,35.91,1,no,northeast,26392.26029,098-53-7421,147.787.9172x722
57,female,28.785,4,no,northeast,14394.39815,374-30-8457,+1-749-839-1017x84491
37,male,46.53,3,no,southeast,6435.6237,496-39-2015,(553)880-4050x34744
57,female,23.98,1,no,southeast,22192.43711,850-63-5823,+1-756-045-5287x0894
32,female,31.54,1,no,northeast,5148.5526,775-37-0250,(939)099-9398x58701
18,male,33.66,0,no,southeast,1136.3994,383-36-1901,001-136-353-1291x7033
64,female,22.99,0,yes,southeast,27037.9141,474-43-7421,001-911-917-2294x487
43,male,38.06,2,yes,southeast,42560.4304,521-83-1025,932.093.3481x76287
49,male,28.7,1,no,southwest,8703.456,370-63-3810,+1-877-728-7896x465
40,female,32.775,2,yes,northwest,40003.33225,812-19-0859,+1-816-971-4701x428
62,male,32.015,0,yes,northeast,45710.20785,020-95-7136,(889)491-5393x82468
40,female,29.81,1,no,southeast,6500.2359,617-86-1376,7818372635
30,male,31.57,3,no,southeast,4837.5823,574-47-1305,(539)677-8828
29,female,31.16,0,no,northeast,3943.5954,088-36-6066,616.274.2864x55433
36,male,29.7,0,no,southeast,4399.731,160-16-2181,+1-186-925-1554
41,female,31.02,0,no,southeast,6185.3208,124-55-5475,001-070-588-5141x038
44,female,43.89,2,yes,southeast,46200.9851,861-33-6410,+1-968-859-4529x44215
45,male,21.375,0,no,northwest,7222.78625,776-59-5772,972-997-7213x79674
55,female,40.81,3,no,southeast,12485.8009,123-05-7384,3345518956
60,male,31.35,3,yes,northwest,46130.5265,246-01-9884,(514)547-5405x903
56,male,36.1,3,no,southwest,12363.547,074-08-2024,+1-642-970-9272x86565
49,female,23.18,2,no,northwest,10156.7832,862-10-9888,001-871-115-5978
21,female,17.4,1,no,southwest,2585.269,290-36-8731,(772)428-4308
19,male,20.3,0,no,southwest,1242.26,739-09-8352,626-442-8197x1186
39,male,35.3,2,yes,southwest,40103.89,130-45-8763,178-863-7268x124
53,male,24.32,0,no,northwest,9863.4718,096-38-1761,(601)995-8723
33,female,18.5,1,no,southwest,4766.022,786-77-8876,(022)081-3039x764
53,male,26.41,2,no,northeast,11244.3769,801-32-3820,(256)423-6080
42,male,26.125,2,no,northeast,7729.64575,049-37-1920,717-163-8216x592
40,male,41.69,0,no,southeast,5438.7491,162-15-0804,(828)051-0312
47,female,24.1,1,no,southwest,26236.57997,208-36-6612,(619)870-8842
27,male,31.13,1,yes,southeast,34806.4677,846-44-9818,(042)455-9961
21,male,27.36,0,no,northeast,2104.1134,124-40-0591,(325)657-8945x95176
47,male,36.2,1,no,southwest,8068.185,419-97-4174,550-814-1958x90212
20,male,32.395,1,no,northwest,2362.22905,130-10-6898,+1-939-760-6041x9483
24,male,23.655,0,no,northwest,2352.96845,530-13-6369,001-304-292-7129x8281
27,female,34.8,1,no,southwest,3577.999,151-04-6798,+1-516-078-1262x912
26,female,40.185,0,no,northwest,3201.24515,279-23-3919,544.887.4723x8007
53,female,32.3,2,no,northeast,29186.48236,347-04-0328,001-927-164-9154x99468
41,male,35.75,1,yes,southeast,40273.6455,358-97-3850,001-734-462-5452
56,male,33.725,0,no,northwest,10976.24575,798-57-3126,+1-722-283-0387x2044
23,female,39.27,2,no,southeast,3500.6123,081-87-1576,460.646.1287
21,female,34.87,0,no,southeast,2020.5523,582-11-6259,(387)892-8346x4958
50,female,44.745,0,no,northeast,9541.69555,474-34-6998,669-963-9876x3858
53,male,41.47,0,no,southeast,9504.3103,525-65-9667,1158374027
34,female,26.41,1,no,northwest,5385.3379,043-78-0729,(912)255-1917
47,female,29.545,1,no,northwest,8930.93455,804-44-8257,(233)379-1697
33,female,32.9,2,no,southwest,5375.038,493-91-1163,(025)614-4954x03929
51,female,38.06,0,yes,southeast,44400.4064,168-64-3266,054.527.7266
49,male,28.69,3,no,northwest,10264.4421,853-82-5046,(201)043-6173
31,female,30.495,3,no,northeast,6113.23105,543-71-7684,2342125457
36,female,27.74,0,no,northeast,5469.0066,678-56-6672,001-188-300-1827x41740
18,male,35.2,1,no,southeast,1727.54,762-53-9473,837-592-2322x3792
50,female,23.54,2,no,southeast,10107.2206,088-14-6729,+1-412-530-2714x30577
43,female,30.685,2,no,northwest,8310.83915,402-89-4291,0528361201
20,male,40.47,0,no,northeast,1984.4533,530-43-9279,560-277-4955x7243
24,female,22.6,0,no,southwest,2457.502,430-65-8917,470-133-3659
60,male,28.9,0,no,southwest,12146.971,482-30-3660,557.570.5567x83293
49,female,22.61,1,no,northwest,9566.9909,044-09-8146,5750352847
60,male,24.32,1,no,northwest,13112.6048,112-05-0400,001-705-189-9343x19820
51,female,36.67,2,no,northwest,10848.1343,439-78-4799,+1-720-698-5783x9769
58,female,33.44,0,no,northwest,12231.6136,470-79-3128,799.636.5249
51,female,40.66,0,no,northeast,9875.6804,475-55-9456,001-635-513-7727
53,male,36.6,3,no,southwest,11264.541,520-89-2352,4463722339
62,male,37.4,0,no,southwest,12979.358,046-25-9962,001-209-438-1973x06632
19,male,35.4,0,no,southwest,1263.249,631-59-1065,753-093-0821
50,female,27.075,1,no,northeast,10106.13425,041-74-9906,(357)180-7710
30,female,39.05,3,yes,southeast,40932.4295,859-32-1098,+1-860-190-1728x3374
41,male,28.405,1,no,northwest,6664.68595,778-94-8006,(279)866-8843x576
29,female,21.755,1,yes,northeast,16657.71745,714-08-4493,(629)582-7419x628
18,female,40.28,0,no,northeast,2217.6012,780-45-4422,9548895796
41,female,36.08,1,no,southeast,6781.3542,512-40-4331,001-103-340-7403
35,male,24.42,3,yes,southeast,19361.9988,889-46-4105,(773)535-6658x83360
53,male,21.4,1,no,southwest,10065.413,517-51-4762,4570785926
24,female,30.1,3,no,southwest,4234.927,382-08-9819,001-521-736-9141
48,female,27.265,1,no,northeast,9447.25035,746-02-2221,(649)395-8808x1534
59,female,32.1,3,no,southwest,14007.222,034-31-8356,+1-501-322-5119x46265
49,female,34.77,1,no,northwest,9583.8933,889-21-3071,2276829733
37,female,38.39,0,yes,southeast,40419.0191,473-47-3485,001-092-222-1500
26,male,23.7,2,no,southwest,3484.331,068-59-8517,758.433.6516
23,male,31.73,3,yes,northeast,36189.1017,886-76-5498,+1-430-796-3233x94175
29,male,35.5,2,yes,southwest,44585.45587,088-13-6618,+1-573-833-1282x35259
45,male,24.035,2,no,northeast,8604.48365,019-68-7029,+1-768-500-6399x59549
27,male,29.15,0,yes,southeast,18246.4955,624-20-2192,+1-848-439-3768x4468
53,male,34.105,0,yes,northeast,43254.41795,518-08-6504,632-181-6556
31,female,26.62,0,no,southeast,3757.8448,087-65-1828,+1-573-356-2978x792
50,male,26.41,0,no,northwest,8827.2099,064-43-9132,+1-851-422-0586
50,female,30.115,1,no,northwest,9910.35985,426-43-7854,240-969-4439x0650
34,male,27,2,no,southwest,11737.84884,429-37-0354,579.496.9543
19,male,21.755,0,no,northwest,1627.28245,382-12-6095,001-571-275-2877x75828
47,female,36,1,no,southwest,8556.907,632-48-1520,569-248-7002
28,male,30.875,0,no,northwest,3062.50825,207-63-3337,(886)558-1831
37,female,26.4,0,yes,southeast,19539.243,716-15-8604,(388)751-2608x0948
21,male,28.975,0,no,northwest,1906.35825,562-23-5051,(997)394-1650
64,male,37.905,0,no,northwest,14210.53595,365-74-4795,(665)539-2403x2530
58,female,22.77,0,no,southeast,11833.7823,351-34-0183,288.865.8331
24,male,33.63,4,no,northeast,17128.42608,818-33-5069,(689)782-0233x2105
31,male,27.645,2,no,northeast,5031.26955,651-70-8006,192.752.2080x19902
39,female,22.8,3,no,northeast,7985.815,090-49-1266,334-611-9228
47,female,27.83,0,yes,southeast,23065.4207,780-05-7370,4952808080
30,male,37.43,3,no,northeast,5428.7277,355-41-6049,+1-876-774-7897x1935
18,male,38.17,0,yes,southeast,36307.7983,189-55-8479,(443)157-3760
22,female,34.58,2,no,northeast,3925.7582,453-90-5240,604-477-3018
23,male,35.2,1,no,southwest,2416.955,501-31-3736,(342)318-9549x8134
33,male,27.1,1,yes,southwest,19040.876,407-16-7652,393.851.4826x81097
27,male,26.03,0,no,northeast,3070.8087,561-06-4532,001-903-012-7313x717
45,female,25.175,2,no,northeast,9095.06825,226-21-9839,509-933-8774x19867
57,female,31.825,0,no,northwest,11842.62375,536-63-0095,(205)891-2597
47,male,32.3,1,no,southwest,8062.764,379-64-4991,+1-703-877-0324x2597
42,female,29,1,no,southwest,7050.642,312-60-0957,001-218-663-5915x6090
64,female,39.7,0,no,southwest,14319.031,620-94-4350,001-793-484-1566x471
38,female,19.475,2,no,northwest,6933.24225,105-79-8083,010.708.1626x3477
61,male,36.1,3,no,southwest,27941.28758,658-04-8822,8852365069
53,female,26.7,2,no,southwest,11150.78,229-81-8259,+1-844-204-0859x65127
44,female,36.48,0,no,northeast,12797.20962,111-23-8191,001-856-259-7880x3233
19,female,28.88,0,yes,northwest,17748.5062,768-64-2944,+1-696-801-3862x81235
41,male,34.2,2,no,northwest,7261.741,345-37-6400,770.804.0625
51,male,33.33,3,no,southeast,10560.4917,357-58-9059,+1-332-118-6043x1040
40,male,32.3,2,no,northwest,6986.697,672-42-8330,233-905-0238
45,male,39.805,0,no,northeast,7448.40395,224-73-3558,987.086.8125x7817
35,male,34.32,3,no,southeast,5934.3798,492-55-9926,9725814753
53,male,28.88,0,no,northwest,9869.8102,559-16-4787,001-718-326-2410x685
30,male,24.4,3,yes,southwest,18259.216,413-62-2512,651-452-3434x702
18,male,41.14,0,no,southeast,1146.7966,007-38-0133,(125)566-2682x56560
51,male,35.97,1,no,southeast,9386.1613,263-46-9785,747.452.9842x554
50,female,27.6,1,yes,southwest,24520.264,657-72-0104,+1-987-564-7787
31,female,29.26,1,no,southeast,4350.5144,295-49-6270,026.289.3409
35,female,27.7,3,no,southwest,6414.178,643-77-7852,001-584-647-1963
60,male,36.955,0,no,northeast,12741.16745,281-57-4603,(417)928-9610
21,male,36.86,0,no,northwest,1917.3184,776-62-5717,(977)408-2342
29,male,22.515,3,no,northeast,5209.57885,120-64-5511,897-121-6786
62,female,29.92,0,no,southeast,13457.9608,263-16-0556,2958913470
39,female,41.8,0,no,southeast,5662.225,637-97-4482,6489599638
19,male,27.6,0,no,southwest,1252.407,169-42-1784,4725059334
22,female,23.18,0,no,northeast,2731.9122,489-72-0862,001-908-774-8955
53,male,20.9,0,yes,southeast,21195.818,382-63-4991,7741662457
39,female,31.92,2,no,northwest,7209.4918,886-29-3111,769.298.1447
27,male,28.5,0,yes,northwest,18310.742,726-56-6283,001-650-294-5979x786
30,male,44.22,2,no,southeast,4266.1658,899-06-9345,185.554.6907
30,female,22.895,1,no,northeast,4719.52405,504-61-8527,(749)889-0841x55025
58,female,33.1,0,no,southwest,11848.141,340-14-2992,001-057-602-7565
33,male,24.795,0,yes,northeast,17904.52705,132-19-1521,+1-394-486-0282x16596
42,female,26.18,1,no,southeast,7046.7222,518-79-3886,001-248-809-7018x68608
64,female,35.97,0,no,southeast,14313.8463,889-05-4774,385-967-7002
21,male,22.3,1,no,southwest,2103.08,283-10-9935,536.516.0735x83069
18,female,42.24,0,yes,southeast,38792.6856,695-65-8849,102-438-4154x696
23,male,26.51,0,no,southeast,1815.8759,296-59-0591,+1-016-910-0511x78734
45,female,35.815,0,no,northwest,7731.85785,018-78-6546,+1-864-623-8417
40,female,41.42,1,no,northwest,28476.73499,127-63-7530,(984)573-0096x87798
19,female,36.575,0,no,northwest,2136.88225,479-76-9446,001-624-973-8160x46056
18,male,30.14,0,no,southeast,1131.5066,565-60-2752,+1-470-687-0732
25,male,25.84,1,no,northeast,3309.7926,579-99-3266,(494)570-4508
46,female,30.8,3,no,southwest,9414.92,610-15-0631,001-431-976-4557x4120
33,female,42.94,3,no,northwest,6360.9936,276-62-6923,(874)711-4657x9872
54,male,21.01,2,no,southeast,11013.7119,393-49-6966,001-660-561-8629x5506
28,male,22.515,2,no,northeast,4428.88785,888-26-8368,(315)145-7245
36,male,34.43,2,no,southeast,5584.3057,204-36-9926,359-886-8137x3798
20,female,31.46,0,no,southeast,1877.9294,326-96-6166,+1-395-155-2321
24,female,24.225,0,no,northwest,2842.76075,538-12-4985,120-158-3896x34905
23,male,37.1,3,no,southwest,3597.596,610-47-4532,+1-140-639-7752x93879
47,female,26.125,1,yes,northeast,23401.30575,310-09-2117,990-184-1973
33,female,35.53,0,yes,northwest,55135.40209,055-44-7270,920.301.4371
45,male,33.7,1,no,southwest,7445.918,860-35-3301,001-586-830-5805x1202
26,male,17.67,0,no,northwest,2680.9493,354-54-5865,960-578-5281x644
18,female,31.13,0,no,southeast,1621.8827,126-29-0543,(463)844-6241x834
44,female,29.81,2,no,southeast,8219.2039,379-34-8057,055-767-8199
60,male,24.32,0,no,northwest,12523.6048,263-20-4819,118.508.8507x063
64,female,31.825,2,no,northeast,16069.08475,458-46-6606,001-702-954-5636x65224
56,male,31.79,2,yes,southeast,43813.8661,749-44-5305,819-038-3822x779
36,male,28.025,1,yes,northeast,20773.62775,160-32-4269,486-444-9329x0813
41,male,30.78,3,yes,northeast,39597.4072,803-32-2696,+1-639-363-0168
39,male,21.85,1,no,northwest,6117.4945,461-51-3540,(716)042-7047
63,male,33.1,0,no,southwest,13393.756,846-33-7246,956.586.7971x00171
36,female,25.84,0,no,northwest,5266.3656,310-86-5370,(426)233-7252
28,female,23.845,2,no,northwest,4719.73655,756-11-6297,568-784-1946x2820
58,male,34.39,0,no,northwest,11743.9341,270-14-8536,013-518-5287x70480
36,male,33.82,1,no,northwest,5377.4578,044-02-4387,001-933-926-0932
42,male,35.97,2,no,southeast,7160.3303,603-40-3343,332.061.1146
36,male,31.5,0,no,southwest,4402.233,072-66-4607,374-669-2383x585
56,female,28.31,0,no,northeast,11657.7189,892-48-9305,001-506-661-1963x32748
35,female,23.465,2,no,northeast,6402.29135,042-07-6936,+1-504-067-7753x4688
59,female,31.35,0,no,northwest,12622.1795,454-13-7615,001-625-385-8459x8759
21,male,31.1,0,no,southwest,1526.312,001-63-0368,(134)696-2684x45254
59,male,24.7,0,no,northeast,12323.936,754-75-1324,099-668-5368x095
23,female,32.78,2,yes,southeast,36021.0112,718-53-0026,(224)575-9324
57,female,29.81,0,yes,southeast,27533.9129,046-71-6287,001-886-104-0034x2478
53,male,30.495,0,no,northeast,10072.05505,789-22-1991,064.390.4531x787
60,female,32.45,0,yes,southeast,45008.9555,087-93-0563,823.567.6980x31108
51,female,34.2,1,no,southwest,9872.701,893-75-0361,856.765.5187
23,male,50.38,1,no,southeast,2438.0552,301-57-0875,001-624-135-9302x469
27,female,24.1,0,no,southwest,2974.126,721-95-8310,001-880-068-0325
55,male,32.775,0,no,northwest,10601.63225,632-95-9581,734-243-4535x105
37,female,30.78,0,yes,northeast,37270.1512,025-19-0336,001-230-937-1913x77323
61,male,32.3,2,no,northwest,14119.62,745-47-2989,+1-567-220-4787x01888
46,female,35.53,0,yes,northeast,42111.6647,696-05-0566,(703)041-3824
53,female,23.75,2,no,northeast,11729.6795,149-23-6359,134-368-4259x5442
49,female,23.845,3,yes,northeast,24106.91255,348-41-3371,5960787398
20,female,29.6,0,no,southwest,1875.344,434-10-4011,001-296-017-5012
48,female,33.11,0,yes,southeast,40974.1649,237-16-1537,740.243.7838
25,male,24.13,0,yes,northwest,15817.9857,162-89-3984,387.243.1120x587
25,female,32.23,1,no,southeast,18218.16139,069-52-4010,001-929-351-8392x409
57,male,28.1,0,no,southwest,10965.446,888-78-4221,119.265.5284x53659
37,female,47.6,2,yes,southwest,46113.511,121-36-1717,001-496-153-1194x53026
38,female,28,3,no,southwest,7151.092,791-52-6379,(855)869-5375
55,female,33.535,2,no,northwest,12269.68865,158-28-9920,943-898-8273x9971
36,female,19.855,0,no,northeast,5458.04645,828-29-1060,646-002-4282x5023
51,male,25.4,0,no,southwest,8782.469,838-92-7050,8678476040
40,male,29.9,2,no,southwest,6600.361,009-72-6269,001-405-569-6686x80706
18,male,37.29,0,no,southeast,1141.4451,428-79-3900,+1-310-618-9910x5513
57,male,43.7,1,no,southwest,11576.13,322-13-4626,(603)582-7765
61,male,23.655,0,no,northeast,13129.60345,064-06-0384,365.141.7600
25,female,24.3,3,no,southwest,4391.652,825-68-1582,(794)948-8486
50,male,36.2,0,no,southwest,8457.818,647-34-6501,(032)345-4016x740
26,female,29.48,1,no,southeast,3392.3652,457-05-9128,(444)454-3289
42,male,24.86,0,no,southeast,5966.8874,052-15-1264,099-803-8550x11332
43,male,30.1,1,no,southwest,6849.026,043-39-0528,5190297052
44,male,21.85,3,no,northeast,8891.1395,242-59-4616,001-096-878-7837x7251
23,female,28.12,0,no,northwest,2690.1138,657-71-5581,755-876-0181x7300
49,female,27.1,1,no,southwest,26140.3603,043-15-5093,8330407868
33,male,33.44,5,no,southeast,6653.7886,652-98-1898,392.626.4815x92131
41,male,28.8,1,no,southwest,6282.235,516-73-8969,(708)472-7599
37,female,29.5,2,no,southwest,6311.952,441-08-8302,623-439-9065x1889
22,male,34.8,3,no,southwest,3443.064,182-20-3615,539.065.1710
23,male,27.36,1,no,northwest,2789.0574,594-84-2547,(865)700-7776x13983
21,female,22.135,0,no,northeast,2585.85065,023-97-9685,(432)408-8940x1027
51,female,37.05,3,yes,northeast,46255.1125,020-93-8446,6850427916
25,male,26.695,4,no,northwest,4877.98105,719-17-4371,5197827722
32,male,28.93,1,yes,southeast,19719.6947,058-13-7239,(975)471-9932x7154
57,male,28.975,0,yes,northeast,27218.43725,366-09-3633,+1-719-047-1009x05465
36,female,30.02,0,no,northwest,5272.1758,104-04-5760,666.049.4375x714
22,male,39.5,0,no,southwest,1682.597,511-25-9468,521-059-1126x56441
57,male,33.63,1,no,northwest,11945.1327,421-13-6245,(056)561-4951
64,female,26.885,0,yes,northwest,29330.98315,685-83-5579,155-086-9657
36,female,29.04,4,no,southeast,7243.8136,223-66-6685,885-633-5636x849
54,male,24.035,0,no,northeast,10422.91665,687-11-2074,001-946-197-2008x887
47,male,38.94,2,yes,southeast,44202.6536,514-35-4976,250-501-3136
62,male,32.11,0,no,northeast,13555.0049,057-10-7890,639-123-3491
61,female,44,0,no,southwest,13063.883,228-90-4472,+1-816-400-3771
43,female,20.045,2,yes,northeast,19798.05455,381-22-5730,(242)919-4382x46991
19,male,25.555,1,no,northwest,2221.56445,863-28-1083,725.043.2769x5811
18,female,40.26,0,no,southeast,1634.5734,326-53-5826,+1-704-486-0362x70267
19,female,22.515,0,no,northwest,2117.33885,753-99-7821,001-699-614-3325x7136
49,male,22.515,0,no,northeast,8688.85885,888-48-1641,908.533.6669
60,male,40.92,0,yes,southeast,48673.5588,157-69-4621,001-934-890-5638x667
26,male,27.265,3,no,northeast,4661.28635,828-37-7942,(312)388-4148x639
49,male,36.85,0,no,southeast,8125.7845,843-37-8824,(063)720-9863x332
60,female,35.1,0,no,southwest,12644.589,417-96-9993,+1-057-550-9848x065
26,female,29.355,2,no,northeast,4564.19145,825-10-9436,001-362-057-8969x279
27,male,32.585,3,no,northeast,4846.92015,362-43-6610,+1-704-487-5883
44,female,32.34,1,no,southeast,7633.7206,415-99-0622,608-384-7169x00977
63,male,39.8,3,no,southwest,15170.069,597-62-6028,009.306.1538
32,female,24.6,0,yes,southwest,17496.306,891-63-3143,087.101.8549x8537
22,male,28.31,1,no,northwest,2639.0429,169-40-5654,8544943190
18,male,31.73,0,yes,northeast,33732.6867,718-39-2854,001-589-589-9612
59,female,26.695,3,no,northwest,14382.70905,420-34-1230,909-133-2665
44,female,27.5,1,no,southwest,7626.993,499-43-3061,6991123795
33,male,24.605,2,no,northwest,5257.50795,530-48-7226,916.395.6420x54603
24,female,33.99,0,no,southeast,2473.3341,438-07-2143,3703875760
43,female,26.885,0,yes,northwest,21774.32215,277-37-4249,+1-520-035-3676x6169
45,male,22.895,0,yes,northeast,35069.37452,798-99-5873,001-984-548-4391
61,female,28.2,0,no,southwest,13041.921,271-58-8142,263-178-1489
35,female,34.21,1,no,southeast,5245.2269,456-65-9237,(154)029-4772
62,female,25,0,no,southwest,13451.122,694-31-8830,479-773-2214
62,female,33.2,0,no,southwest,13462.52,832-21-9966,001-599-217-6221x286
38,male,31,1,no,southwest,5488.262,216-56-2690,(770)061-9162
34,male,35.815,0,no,northwest,4320.41085,542-59-2222,+1-024-513-8635x887
43,male,23.2,0,no,southwest,6250.435,009-60-5078,+1-529-045-6861x82972
50,male,32.11,2,no,northeast,25333.33284,552-23-2195,(000)548-9630x81336
19,female,23.4,2,no,southwest,2913.569,605-37-5599,425-644-2536x425
57,female,20.1,1,no,southwest,12032.326,223-08-7743,812-526-6540
62,female,39.16,0,no,southeast,13470.8044,504-58-0923,(324)218-6317x076
41,male,34.21,1,no,southeast,6289.7549,485-92-1365,(508)705-0161
26,male,46.53,1,no,southeast,2927.0647,188-46-0467,(370)386-7720
39,female,32.5,1,no,southwest,6238.298,380-53-7780,+1-777-159-0724x703
46,male,25.8,5,no,southwest,10096.97,078-38-1667,919-061-6245
45,female,35.3,0,no,southwest,7348.142,203-77-1470,+1-771-699-3055
32,male,37.18,2,no,southeast,4673.3922,217-75-5945,708-062-7044
59,female,27.5,0,no,southwest,12233.828,789-41-8048,901-312-9775x122
44,male,29.735,2,no,northeast,32108.66282,094-76-2404,001-408-099-3545x7302
39,female,24.225,5,no,northwest,8965.79575,644-30-6205,(190)227-6019
18,male,26.18,2,no,southeast,2304.0022,117-76-8688,(059)496-3368x352
53,male,29.48,0,no,southeast,9487.6442,311-23-8279,001-958-362-1582x011
18,male,23.21,0,no,southeast,1121.8739,558-25-9749,(997)503-9933
50,female,46.09,1,no,southeast,9549.5651,179-29-7208,476.144.5385
18,female,40.185,0,no,northeast,2217.46915,460-07-5526,440-796-1877x47023
19,male,22.61,0,no,northwest,1628.4709,315-32-6949,(055)302-3480x71631
62,male,39.93,0,no,southeast,12982.8747,442-14-5979,0712694611
56,female,35.8,1,no,southwest,11674.13,069-47-3081,(343)751-3467x310
42,male,35.8,2,no,southwest,7160.094,462-07-8841,321.413.5404
37,male,34.2,1,yes,northeast,39047.285,129-72-4779,+1-577-657-6016x09094
42,male,31.255,0,no,northwest,6358.77645,026-96-8911,519-978-4177x34238
25,male,29.7,3,yes,southwest,19933.458,720-55-8922,001-080-477-8574x657
57,male,18.335,0,no,northeast,11534.87265,234-78-2626,803-649-9930
51,male,42.9,2,yes,southeast,47462.894,675-18-5918,819-009-1190
30,female,28.405,1,no,northwest,4527.18295,333-28-2274,001-300-222-8935
44,male,30.2,2,yes,southwest,38998.546,591-50-2122,001-537-411-6727x6183
34,male,27.835,1,yes,northwest,20009.63365,405-52-7945,632-014-4842
31,male,39.49,1,no,southeast,3875.7341,870-59-9028,807.125.5511
54,male,30.8,1,yes,southeast,41999.52,396-87-1190,001-194-402-2171x20998
24,male,26.79,1,no,northwest,12609.88702,313-88-9358,+1-824-425-1893
43,male,34.96,1,yes,northeast,41034.2214,774-10-3433,303-637-4505x07002
48,male,36.67,1,no,northwest,28468.91901,837-85-0536,001-551-414-2736x5775
19,female,39.615,1,no,northwest,2730.10785,021-04-8136,(012)995-0563x422
29,female,25.9,0,no,southwest,3353.284,017-53-8149,001-409-353-0982x835
63,female,35.2,1,no,southeast,14474.675,798-34-7587,866-215-7127x57327
46,male,24.795,3,no,northeast,9500.57305,090-62-0454,(483)948-9142x210
52,male,36.765,2,no,northwest,26467.09737,373-32-4354,6666131987
35,male,27.1,1,no,southwest,4746.344,489-13-1977,+1-798-094-8197x7919
51,male,24.795,2,yes,northwest,23967.38305,243-51-2075,001-467-616-5819x4670
44,male,25.365,1,no,northwest,7518.02535,219-63-5777,499.613.7149x14837
21,male,25.745,2,no,northeast,3279.86855,574-19-6921,(882)655-5596
39,female,34.32,5,no,southeast,8596.8278,293-15-2520,6019538145
50,female,28.16,3,no,southeast,10702.6424,343-12-0166,8449525191
34,female,23.56,0,no,northeast,4992.3764,001-02-6809,(986)716-8261x28396
22,female,20.235,0,no,northwest,2527.81865,009-77-7447,878.610.1749x36968
19,female,40.5,0,no,southwest,1759.338,316-58-2704,+1-024-156-9534x34918
26,male,35.42,0,no,southeast,2322.6218,662-10-5744,153.870.7268x3975
29,male,22.895,0,yes,northeast,16138.76205,802-28-9989,011.552.3238x75757
48,male,40.15,0,no,southeast,7804.1605,742-16-3193,001-088-462-3295x958
26,male,29.15,1,no,southeast,2902.9065,678-74-6094,001-356-990-6203x1669
45,female,39.995,3,no,northeast,9704.66805,276-76-8178,959-827-1932x43810
36,female,29.92,0,no,southeast,4889.0368,219-68-3189,(855)319-3956
54,male,25.46,1,no,northeast,25517.11363,865-42-4591,950.525.0855x1204
34,male,21.375,0,no,northeast,4500.33925,477-38-8113,172.621.5854
31,male,25.9,3,yes,southwest,19199.944,301-29-1780,3678466631
27,female,30.59,1,no,northeast,16796.41194,624-10-3531,139.668.4839x010
20,male,30.115,5,no,northeast,4915.05985,895-58-5349,(272)583-2854
44,female,25.8,1,no,southwest,7624.63,602-69-4255,3088823243
43,male,30.115,3,no,northwest,8410.04685,331-38-7046,(642)290-4750
45,female,27.645,1,no,northwest,28340.18885,385-94-0417,001-275-729-6678
34,male,34.675,0,no,northeast,4518.82625,629-90-3952,001-090-919-5196x39081
24,female,20.52,0,yes,northeast,14571.8908,085-82-8981,312.003.5352
26,female,19.8,1,no,southwest,3378.91,439-09-3211,001-721-425-2233x9480
38,female,27.835,2,no,northeast,7144.86265,655-15-5992,001-737-974-6658
50,female,31.6,2,no,southwest,10118.424,887-85-7327,7520668794
38,male,28.27,1,no,southeast,5484.4673,075-15-2268,001-324-374-2514
27,female,20.045,3,yes,northwest,16420.49455,297-10-3049,(510)293-0551
39,female,23.275,3,no,northeast,7986.47525,562-21-3262,605-676-6389
39,female,34.1,3,no,southwest,7418.522,574-40-4613,599.350.8626x3002
63,female,36.85,0,no,southeast,13887.9685,524-12-7280,570-602-0713x991
33,female,36.29,3,no,northeast,6551.7501,740-22-0453,100.595.1442
36,female,26.885,0,no,northwest,5267.81815,142-64-5058,001-293-987-5020x715
30,male,22.99,2,yes,northwest,17361.7661,212-33-6263,001-253-056-3685x903
24,male,32.7,0,yes,southwest,34472.841,009-80-3894,001-904-140-1640
24,male,25.8,0,no,southwest,1972.95,574-11-6859,001-081-886-0585x40874
48,male,29.6,0,no,southwest,21232.18226,328-46-0118,+1-343-493-2353x987
47,male,19.19,1,no,northeast,8627.5411,365-48-1529,(393)071-1867
29,male,31.73,2,no,northwest,4433.3877,244-39-8975,3644916533
28,male,29.26,2,no,northeast,4438.2634,203-46-3934,0526938110
47,male,28.215,3,yes,northwest,24915.22085,606-32-1958,179-485-7077x09042
25,male,24.985,2,no,northeast,23241.47453,136-87-3608,(253)657-5967x78266
51,male,27.74,1,no,northeast,9957.7216,149-65-2980,001-362-571-5153
48,female,22.8,0,no,southwest,8269.044,112-61-4430,001-431-336-7869
43,male,20.13,2,yes,southeast,18767.7377,186-68-0451,+1-322-597-0636x8305
61,female,33.33,4,no,southeast,36580.28216,079-38-3147,001-790-666-9255x9961
48,male,32.3,1,no,northwest,8765.249,209-63-0139,(319)217-7435x44780
38,female,27.6,0,no,southwest,5383.536,882-34-2453,001-811-104-7514x5018
59,male,25.46,0,no,northwest,12124.9924,052-31-1072,875-844-0666x4681
19,female,24.605,1,no,northwest,2709.24395,790-49-3002,506.909.6557x1379
26,female,34.2,2,no,southwest,3987.926,204-07-2594,001-436-724-0832x65977
54,female,35.815,3,no,northwest,12495.29085,424-27-4700,580-906-9060
21,female,32.68,2,no,northwest,26018.95052,820-97-8260,861-412-1820x9732
51,male,37,0,no,southwest,8798.593,138-99-4471,452-324-1568x1003
22,female,31.02,3,yes,southeast,35595.5898,642-99-4002,(691)185-4146x3893
47,male,36.08,1,yes,southeast,42211.1382,801-98-3072,+1-029-304-7693x284
18,male,23.32,1,no,southeast,1711.0268,246-83-3710,001-204-388-8542x36564
47,female,45.32,1,no,southeast,8569.8618,561-70-7872,107.360.2338
21,female,34.6,0,no,southwest,2020.177,138-44-5481,+1-250-527-3668x071
19,male,26.03,1,yes,northwest,16450.8947,486-03-5381,333-408-8483
23,male,18.715,0,no,northwest,21595.38229,799-47-8701,058-730-6937x632
54,male,31.6,0,no,southwest,9850.432,648-76-5782,(823)769-7492x03470
37,female,17.29,2,no,northeast,6877.9801,869-10-3972,0746410535
46,female,23.655,1,yes,northwest,21677.28345,868-60-0178,096-494-8399x41264
55,female,35.2,0,yes,southeast,44423.803,488-20-7405,0861469623
30,female,27.93,0,no,northeast,4137.5227,143-49-9578,+1-677-292-4645x35304
18,male,21.565,0,yes,northeast,13747.87235,158-23-5100,922.794.5958
61,male,38.38,0,no,northwest,12950.0712,024-64-0314,(199)754-1095x64443
54,female,23,3,no,southwest,12094.478,804-48-0144,149-576-5659
22,male,37.07,2,yes,southeast,37484.4493,094-50-2311,(046)989-7492x252
45,female,30.495,1,yes,northwest,39725.51805,599-24-0955,(601)288-3168x5628
22,male,28.88,0,no,northeast,2250.8352,086-09-3361,917.519.9513x957
19,male,27.265,2,no,northwest,22493.65964,740-58-7578,4509222846
35,female,28.025,0,yes,northwest,20234.85475,714-71-4399,(006)056-2850x715
18,male,23.085,0,no,northeast,1704.70015,052-47-1131,003.456.2281
20,male,30.685,0,yes,northeast,33475.81715,016-14-4243,001-448-259-6655
28,female,25.8,0,no,southwest,3161.454,253-18-7797,(143)454-1409
55,male,35.245,1,no,northeast,11394.06555,355-46-5281,1007221435
43,female,24.7,2,yes,northwest,21880.82,521-97-3161,+1-500-491-9511x00609
43,female,25.08,0,no,northeast,7325.0482,744-24-5000,(658)911-5925
22,male,52.58,1,yes,southeast,44501.3982,141-33-2480,560.209.6791
25,female,22.515,1,no,northwest,3594.17085,859-23-9556,008.104.2915x997
49,male,30.9,0,yes,southwest,39727.614,291-18-8093,(498)983-2514
44,female,36.955,1,no,northwest,8023.13545,386-61-5425,175.929.9508x6108
64,male,26.41,0,no,northeast,14394.5579,756-32-8188,861.248.3920
49,male,29.83,1,no,northeast,9288.0267,840-75-9421,001-965-842-0031x6366
47,male,29.8,3,yes,southwest,25309.489,569-63-5899,+1-480-068-9580x478
27,female,21.47,0,no,northwest,3353.4703,120-90-2925,+1-601-249-9376x21717
55,male,27.645,0,no,northwest,10594.50155,758-47-3310,239-100-0595
48,female,28.9,0,no,southwest,8277.523,094-71-3670,030.265.9977x1372
45,female,31.79,0,no,southeast,17929.30337,777-43-0687,703.638.5125x25971
24,female,39.49,0,no,southeast,2480.9791,829-91-3214,+1-215-022-5084x37165
32,male,33.82,1,no,northwest,4462.7218,709-05-7253,+1-460-291-7368x7612
24,male,32.01,0,no,southeast,1981.5819,758-09-3080,001-172-520-2486x6279
57,male,27.94,1,no,southeast,11554.2236,763-98-1555,(952)139-5481
59,male,41.14,1,yes,southeast,48970.2476,274-80-4269,545-427-7310
36,male,28.595,3,no,northwest,6548.19505,743-24-6633,968.983.4877
29,female,25.6,4,no,southwest,5708.867,839-20-8223,036-029-8742x3258
42,female,25.3,1,no,southwest,7045.499,427-80-8275,8108517940
48,male,37.29,2,no,southeast,8978.1851,677-68-0349,001-190-661-2831x2345
39,male,42.655,0,no,northeast,5757.41345,701-22-0257,+1-156-512-9030x55303
63,male,21.66,1,no,northwest,14349.8544,748-92-4543,446.793.5229
54,female,31.9,1,no,southeast,10928.849,588-61-4307,(622)071-1508
37,male,37.07,1,yes,southeast,39871.7043,072-80-3967,699.461.0032x21863
63,male,31.445,0,no,northeast,13974.45555,265-92-9722,(090)625-2347x260
21,male,31.255,0,no,northwest,1909.52745,037-92-7999,6785587732
54,female,28.88,2,no,northeast,12096.6512,817-08-2372,672-658-8269
60,female,18.335,0,no,northeast,13204.28565,208-27-7500,+1-042-691-5009x14831
32,female,29.59,1,no,southeast,4562.8421,419-58-0564,+1-259-670-9061
47,female,32,1,no,southwest,8551.347,802-02-6466,(368)355-3339
21,male,26.03,0,no,northeast,2102.2647,573-35-6063,505-303-8728
28,male,31.68,0,yes,southeast,34672.1472,658-57-5739,+1-687-680-5050x4923
63,male,33.66,3,no,southeast,15161.5344,385-15-2080,001-301-308-2826x9444
18,male,21.78,2,no,southeast,11884.04858,770-87-3920,(189)842-8201x67242
32,male,27.835,1,no,northwest,4454.40265,133-87-5241,001-862-119-0661x51436
38,male,19.95,1,no,northwest,5855.9025,466-54-8036,001-317-939-6814x984
32,male,31.5,1,no,southwest,4076.497,309-26-3503,(629)601-4725
62,female,30.495,2,no,northwest,15019.76005,270-16-0308,(563)415-5207x26074
39,female,18.3,5,yes,southwest,19023.26,873-16-9361,719.887.6391
55,male,28.975,0,no,northeast,10796.35025,868-38-1692,+1-352-550-9648x86409
57,male,31.54,0,no,northwest,11353.2276,015-66-1204,001-959-193-7634x64052
52,male,47.74,1,no,southeast,9748.9106,804-14-9286,023.746.7409x28301
56,male,22.1,0,no,southwest,10577.087,767-72-8333,575-204-9393
47,male,36.19,0,yes,southeast,41676.0811,113-66-8960,(502)350-0517
55,female,29.83,0,no,northeast,11286.5387,428-79-9757,588.673.6818
23,male,32.7,3,no,southwest,3591.48,300-81-5449,(554)132-2451
22,female,30.4,0,yes,northwest,33907.548,336-51-1925,497.927.9892
50,female,33.7,4,no,southwest,11299.343,093-91-4889,558.115.0608x71382
18,female,31.35,4,no,northeast,4561.1885,708-73-9436,+1-906-071-5616
51,female,34.96,2,yes,northeast,44641.1974,219-44-2868,001-377-174-7786x23183
22,male,33.77,0,no,southeast,1674.6323,608-91-4075,001-340-865-9011x72401
52,female,30.875,0,no,northeast,23045.56616,448-24-7936,+1-126-986-7265x09767
25,female,33.99,1,no,southeast,3227.1211,180-34-1905,468-880-6457
33,female,19.095,2,yes,northeast,16776.30405,319-42-7760,(021)185-4498x201
53,male,28.6,3,no,southwest,11253.421,874-06-0789,(035)971-9172
29,male,38.94,1,no,southeast,3471.4096,646-20-4192,(596)721-2614x2270
58,male,36.08,0,no,southeast,11363.2832,167-46-0394,9783342647
37,male,29.8,0,no,southwest,20420.60465,156-08-6286,001-797-560-0024x5135
54,female,31.24,0,no,southeast,10338.9316,791-69-3294,+1-399-552-6781x7059
49,female,29.925,0,no,northwest,8988.15875,863-04-0134,001-768-419-7238x388
50,female,26.22,2,no,northwest,10493.9458,318-45-1230,+1-474-929-2785x55405
26,male,30,1,no,southwest,2904.088,462-16-5952,746.770.8978
45,male,20.35,3,no,southeast,8605.3615,138-03-2919,001-723-664-7483
54,female,32.3,1,no,northeast,11512.405,462-14-2935,001-385-094-1119x099
38,male,38.39,3,yes,southeast,41949.2441,381-10-5723,+1-974-833-1675x90161
48,female,25.85,3,yes,southeast,24180.9335,356-93-2716,831.519.5021x26998
28,female,26.315,3,no,northwest,5312.16985,315-14-3764,249-676-9856x761
23,male,24.51,0,no,northeast,2396.0959,468-88-6490,189-169-4070x85213
55,male,32.67,1,no,southeast,10807.4863,129-24-3498,(469)426-1802x496
41,male,29.64,5,no,northeast,9222.4026,120-28-2472,(699)971-9338
25,male,33.33,2,yes,southeast,36124.5737,174-77-4345,(729)676-3238x504
33,male,35.75,1,yes,southeast,38282.7495,424-90-1782,001-561-515-2433x95535
30,female,19.95,3,no,northwest,5693.4305,342-06-8661,(183)635-2937
23,female,31.4,0,yes,southwest,34166.273,499-14-8217,(747)843-1596
46,male,38.17,2,no,southeast,8347.1643,712-63-4013,(698)727-6968x107
53,female,36.86,3,yes,northwest,46661.4424,777-24-0821,898-712-1776x2906
27,female,32.395,1,no,northeast,18903.49141,018-69-6934,479-819-6701
23,female,42.75,1,yes,northeast,40904.1995,536-07-0346,+1-379-858-2618x14764
63,female,25.08,0,no,northwest,14254.6082,888-69-1579,(548)960-5131x367
55,male,29.9,0,no,southwest,10214.636,750-63-0622,0066400247
35,female,35.86,2,no,southeast,5836.5204,541-26-1068,5273103362
34,male,32.8,1,no,southwest,14358.36437,730-94-2725,340.540.3483
19,female,18.6,0,no,southwest,1728.897,863-34-6440,819-644-2225x97657
39,female,23.87,5,no,southeast,8582.3023,495-55-4349,607.725.1893x959
27,male,45.9,2,no,southwest,3693.428,418-86-9796,6820413136
57,male,40.28,0,no,northeast,20709.02034,142-46-8240,001-019-833-2590x17143
52,female,18.335,0,no,northwest,9991.03765,497-03-3893,314-481-6855x337
28,male,33.82,0,no,northwest,19673.33573,123-16-1314,0584780353
50,female,28.12,3,no,northwest,11085.5868,144-31-4022,(891)976-2210x72207
44,female,25,1,no,southwest,7623.518,033-42-2111,694.909.6835x7625
26,female,22.23,0,no,northwest,3176.2877,569-02-2456,217-233-3836x2882
33,male,30.25,0,no,southeast,3704.3545,877-99-8282,+1-807-376-7286x6412
19,female,32.49,0,yes,northwest,36898.73308,187-28-3685,001-857-322-4786x3059
50,male,37.07,1,no,southeast,9048.0273,134-23-8918,(210)425-0995x92589
41,female,32.6,3,no,southwest,7954.517,740-44-2323,(879)790-2999
52,female,24.86,0,no,southeast,27117.99378,517-02-5862,870-872-1533x8196
39,male,32.34,2,no,southeast,6338.0756,863-01-7365,878.845.1141
50,male,32.3,2,no,southwest,9630.397,135-98-0819,001-334-391-7282x242
52,male,32.775,3,no,northwest,11289.10925,867-58-5480,+1-193-609-9969x78624
60,male,32.8,0,yes,southwest,52590.82939,841-27-7322,001-060-763-1733
20,female,31.92,0,no,northwest,2261.5688,264-88-2069,001-700-604-9357x6026
55,male,21.5,1,no,southwest,10791.96,536-64-8614,(696)143-0945x0076
42,male,34.1,0,no,southwest,5979.731,195-17-1912,3490330103
18,female,30.305,0,no,northeast,2203.73595,767-98-1359,+1-796-467-9869x9390
58,female,36.48,0,no,northwest,12235.8392,438-88-6592,940-274-2098
43,female,32.56,3,yes,southeast,40941.2854,237-36-7422,001-721-436-8444x1436
35,female,35.815,1,no,northwest,5630.45785,648-06-0802,0531198379
48,female,27.93,4,no,northwest,11015.1747,135-61-3088,(061)505-9566x845
36,female,22.135,3,no,northeast,7228.21565,090-35-3021,2357102527
19,male,44.88,0,yes,southeast,39722.7462,008-62-6454,(822)683-4429
23,female,23.18,2,no,northwest,14426.07385,453-72-4609,8752294170
20,female,30.59,0,no,northeast,2459.7201,055-54-0618,677-118-5489x094
32,female,41.1,0,no,southwest,3989.841,331-99-9674,751-756-5796
43,female,34.58,1,no,northwest,7727.2532,346-91-2388,676-590-3703x73798
34,male,42.13,2,no,southeast,5124.1887,634-08-6569,+1-435-329-5175x12857
30,male,38.83,1,no,southeast,18963.17192,659-98-9819,935.744.5252x3796
18,female,28.215,0,no,northeast,2200.83085,012-66-8965,081.045.8444
41,female,28.31,1,no,northwest,7153.5539,273-73-3716,(058)002-7614x41507
35,female,26.125,0,no,northeast,5227.98875,036-97-6944,939.795.8864
57,male,40.37,0,no,southeast,10982.5013,043-45-7534,001-357-769-7732x34919
29,female,24.6,2,no,southwest,4529.477,342-54-1148,253.495.7504
32,male,35.2,2,no,southwest,4670.64,875-25-0070,350.680.8389x664
37,female,34.105,1,no,northwest,6112.35295,733-58-1962,(076)725-3228x85284
18,male,27.36,1,yes,northeast,17178.6824,826-91-6751,356.713.1610
43,female,26.7,2,yes,southwest,22478.6,225-02-6747,(074)994-9771x77859
56,female,41.91,0,no,southeast,11093.6229,806-79-7269,573-098-9509
38,male,29.26,2,no,northwest,6457.8434,251-15-3881,1579427004
29,male,32.11,2,no,northwest,4433.9159,599-80-7202,(708)273-9082
22,female,27.1,0,no,southwest,2154.361,274-86-3604,560-202-7574x91054
52,female,24.13,1,yes,northwest,23887.6627,636-81-0839,337-651-2219x1249
40,female,27.4,1,no,southwest,6496.886,644-07-9125,+1-375-530-4097
23,female,34.865,0,no,northeast,2899.48935,506-31-0085,(705)584-3396
31,male,29.81,0,yes,southeast,19350.3689,405-66-9193,(515)611-8039x92094
42,female,41.325,1,no,northeast,7650.77375,835-56-4132,001-241-483-3567x29715
24,female,29.925,0,no,northwest,2850.68375,825-54-5140,001-180-249-4787x781
25,female,30.3,0,no,southwest,2632.992,661-83-5482,(939)340-2105x721
48,female,27.36,1,no,northeast,9447.3824,302-50-5964,(065)749-7100
23,female,28.49,1,yes,southeast,18328.2381,194-15-9745,(400)933-8769
45,male,23.56,2,no,northeast,8603.8234,327-77-5607,001-305-926-8933x6185
20,male,35.625,3,yes,northwest,37465.34375,226-18-6671,001-920-994-5071x6669
62,female,32.68,0,no,northwest,13844.7972,748-01-2994,770.853.7812x08555
43,female,25.27,1,yes,northeast,21771.3423,725-68-7130,6804710971
23,female,28,0,no,southwest,13126.67745,754-38-5400,001-546-690-3617
31,female,32.775,2,no,northwest,5327.40025,822-68-6287,+1-840-864-9623x15079
41,female,21.755,1,no,northeast,13725.47184,792-28-0811,405.112.9197x40498
58,female,32.395,1,no,northeast,13019.16105,380-25-4504,404-144-3220x54224
48,female,36.575,0,no,northwest,8671.19125,162-75-5543,001-467-919-0752
31,female,21.755,0,no,northwest,4134.08245,713-37-0186,8473988660
19,female,27.93,3,no,northwest,18838.70366,483-10-3506,638-393-3827x9713
19,female,30.02,0,yes,northwest,33307.5508,481-16-3937,(287)525-9602x920
41,male,33.55,0,no,southeast,5699.8375,558-81-3424,158-678-4796x9521
40,male,29.355,1,no,northwest,6393.60345,470-56-9790,+1-722-242-5072x2716
31,female,25.8,2,no,southwest,4934.705,585-05-8747,840.205.9130x7809
37,male,24.32,2,no,northwest,6198.7518,147-04-7962,102-795-2508x8685
46,male,40.375,2,no,northwest,8733.22925,461-72-9498,001-020-189-2667x01431
22,male,32.11,0,no,northwest,2055.3249,152-23-1242,2538279403
51,male,32.3,1,no,northeast,9964.06,820-02-6926,(277)801-4962x31048
18,female,27.28,3,yes,southeast,18223.4512,385-52-4512,001-386-460-8975x3733
35,male,17.86,1,no,northwest,5116.5004,812-37-2105,754.617.9803x0093
59,female,34.8,2,no,southwest,36910.60803,665-09-2806,745-280-5678x21248
36,male,33.4,2,yes,southwest,38415.474,041-20-0415,001-567-946-2080x5172
37,female,25.555,1,yes,northeast,20296.86345,798-29-6569,1060890317
59,male,37.1,1,no,southwest,12347.172,285-17-3294,(138)874-0573
36,male,30.875,1,no,northwest,5373.36425,105-81-7630,7816162021
39,male,34.1,2,no,southeast,23563.01618,583-25-9136,624-927-4559x527
18,male,21.47,0,no,northeast,1702.4553,203-09-1753,(507)413-7236
52,female,33.3,2,no,southwest,10806.839,058-02-1095,019-578-2664x0701
27,female,31.255,1,no,northwest,3956.07145,365-59-0353,2670037970
18,male,39.14,0,no,northeast,12890.05765,227-62-6320,(893)049-8201
40,male,25.08,0,no,southeast,5415.6612,253-86-6502,277-210-4287x098
29,male,37.29,2,no,southeast,4058.1161,117-69-5737,776.908.7250
46,female,34.6,1,yes,southwest,41661.602,672-03-6173,520.418.7063
38,female,30.21,3,no,northwest,7537.1639,159-03-6175,165.559.4882x04238
30,female,21.945,1,no,northeast,4718.20355,177-18-2621,(058)622-8809
40,male,24.97,2,no,southeast,6593.5083,598-24-1046,185.180.2268
50,male,25.3,0,no,southeast,8442.667,623-38-0916,230.065.4371
20,female,24.42,0,yes,southeast,26125.67477,831-22-3102,(783)510-9777
41,male,23.94,1,no,northeast,6858.4796,057-98-0827,001-213-066-9691x647
33,female,39.82,1,no,southeast,4795.6568,729-49-7773,226.538.0369x783
38,male,16.815,2,no,northeast,6640.54485,505-09-2541,(495)464-5312
42,male,37.18,2,no,southeast,7162.0122,176-10-4432,+1-707-120-6760
56,male,34.43,0,no,southeast,10594.2257,837-19-6101,826.886.4705x7568
58,male,30.305,0,no,northeast,11938.25595,365-32-9010,+1-787-797-0317x180
52,male,34.485,3,yes,northwest,60021.39897,619-41-5634,(085)608-2882x2304
20,female,21.8,0,yes,southwest,20167.33603,384-24-4265,+1-479-460-5516
54,female,24.605,3,no,northwest,12479.70895,429-68-4511,4921577073
58,male,23.3,0,no,southwest,11345.519,765-18-3173,983.694.2945x1971
45,female,27.83,2,no,southeast,8515.7587,026-78-2274,001-868-762-2120x513
26,male,31.065,0,no,northwest,2699.56835,106-43-4184,(341)848-3799x407
63,female,21.66,0,no,northeast,14449.8544,746-33-0922,(297)751-1285x41876
58,female,28.215,0,no,northwest,12224.35085,395-99-4779,001-646-049-6295
37,male,22.705,3,no,northeast,6985.50695,290-47-3897,+1-976-453-2358x35359
25,female,42.13,1,no,southeast,3238.4357,762-12-7555,001-098-602-2833
52,male,41.8,2,yes,southeast,47269.854,250-39-0359,766.228.4784
64,male,36.96,2,yes,southeast,49577.6624,868-97-3723,027-498-1669
22,female,21.28,3,no,northwest,4296.2712,212-04-5428,+1-375-794-5003x48661
28,female,33.11,0,no,southeast,3171.6149,159-15-2840,297-973-4398
18,male,33.33,0,no,southeast,1135.9407,306-66-0363,298-270-6997x61393
28,male,24.3,5,no,southwest,5615.369,641-37-9269,+1-873-766-1228
45,female,25.7,3,no,southwest,9101.798,590-09-2884,4396973869
33,male,29.4,4,no,southwest,6059.173,498-18-5644,(410)659-3312
18,female,39.82,0,no,southeast,1633.9618,680-15-7912,718-882-4006
32,male,33.63,1,yes,northeast,37607.5277,422-44-5166,(893)919-3441x16045
24,male,29.83,0,yes,northeast,18648.4217,501-65-1203,001-877-855-9689x4462
19,male,19.8,0,no,southwest,1241.565,175-41-3029,+1-458-586-5251
20,male,27.3,0,yes,southwest,16232.847,779-71-0606,001-195-137-2352x4105
40,female,29.3,4,no,southwest,15828.82173,277-17-6747,+1-374-457-5469x49141
34,female,27.72,0,no,southeast,4415.1588,647-63-3976,001-337-166-8201x032
42,female,37.9,0,no,southwest,6474.013,083-14-7817,(891)410-0069x7207
51,female,36.385,3,no,northwest,11436.73815,196-97-6043,(627)275-4903x12680
54,female,27.645,1,no,northwest,11305.93455,793-43-0763,770.922.3860x47474
55,male,37.715,3,no,northwest,30063.58055,406-96-7954,796-198-4577x3415
52,female,23.18,0,no,northeast,10197.7722,345-44-4121,001-641-882-8439x355
32,female,20.52,0,no,northeast,4544.2348,219-91-7924,749-293-0753x502
28,male,37.1,1,no,southwest,3277.161,575-16-4444,(611)796-8966x1076
41,female,28.05,1,no,southeast,6770.1925,164-05-9418,673.805.4485
43,female,29.9,1,no,southwest,7337.748,020-36-3178,(414)135-6876x067
49,female,33.345,2,no,northeast,10370.91255,116-64-1441,001-197-748-5410
64,male,23.76,0,yes,southeast,26926.5144,170-52-9973,9497176071
55,female,30.5,0,no,southwest,10704.47,244-31-4178,001-296-996-4038x4901
24,male,31.065,0,yes,northeast,34254.05335,358-48-0568,(275)227-5026
20,female,33.3,0,no,southwest,1880.487,570-70-2658,(974)479-1033x650
45,male,27.5,3,no,southwest,8615.3,537-38-4989,(309)085-0994
26,male,33.915,1,no,northwest,3292.52985,263-69-2276,953-971-5986x0401
25,female,34.485,0,no,northwest,3021.80915,083-78-3779,001-131-964-6007x089
43,male,25.52,5,no,southeast,14478.33015,200-36-0601,+1-688-834-8384
35,male,27.61,1,no,southeast,4747.0529,713-17-9597,834.909.5522
26,male,27.06,0,yes,southeast,17043.3414,162-25-6443,900.128.3789x57201
57,male,23.7,0,no,southwest,10959.33,767-31-4578,001-881-480-4761x279
22,female,30.4,0,no,northeast,2741.948,868-99-9835,378-187-9100x24237
32,female,29.735,0,no,northwest,4357.04365,753-47-5220,+1-261-817-7375x37227
39,male,29.925,1,yes,northeast,22462.04375,517-02-5644,001-852-140-5325x768
25,female,26.79,2,no,northwest,4189.1131,106-48-3227,885-370-3581
48,female,33.33,0,no,southeast,8283.6807,662-37-9774,001-338-298-3545x9924
47,female,27.645,2,yes,northwest,24535.69855,381-02-5149,001-951-296-9043x291
18,female,21.66,0,yes,northeast,14283.4594,115-43-5489,179.362.4189
18,male,30.03,1,no,southeast,1720.3537,893-80-6528,335-204-0365
61,male,36.3,1,yes,southwest,47403.88,759-06-8380,233.022.2934x900
47,female,24.32,0,no,northeast,8534.6718,660-23-7183,(504)446-3080x2181
28,female,17.29,0,no,northeast,3732.6251,197-93-6168,(333)159-0068x9870
36,female,25.9,1,no,southwest,5472.449,760-96-8817,935.203.0296x10881
20,male,39.4,2,yes,southwest,38344.566,358-17-2665,913-450-2199
44,male,34.32,1,no,southeast,7147.4728,822-87-2500,001-244-824-3704x5992
38,female,19.95,2,no,northeast,7133.9025,774-27-8008,(415)643-9394
19,male,34.9,0,yes,southwest,34828.654,826-21-6310,+1-986-422-2633x52826
21,male,23.21,0,no,southeast,1515.3449,703-90-1983,008.144.1939
46,male,25.745,3,no,northwest,9301.89355,829-23-5018,(337)110-1162
58,male,25.175,0,no,northeast,11931.12525,269-53-7303,214-924-9742x13472
20,male,22,1,no,southwest,1964.78,499-67-9161,(245)619-4504x8312
18,male,26.125,0,no,northeast,1708.92575,460-57-9056,(195)823-3955x837
28,female,26.51,2,no,southeast,4340.4409,588-35-1124,495.850.8587
33,male,27.455,2,no,northwest,5261.46945,360-61-2851,001-546-709-4455x817
19,female,25.745,1,no,northwest,2710.82855,037-30-0749,6570132496
45,male,30.36,0,yes,southeast,62592.87309,568-58-9965,+1-815-718-3737x11933
62,male,30.875,3,yes,northwest,46718.16325,238-11-6761,(498)046-3528x1717
25,female,20.8,1,no,southwest,3208.787,235-15-7182,+1-161-857-3482
43,male,27.8,0,yes,southwest,37829.7242,363-92-0158,+1-970-092-7543x225
42,male,24.605,2,yes,northeast,21259.37795,154-98-0266,388-975-3580x813
24,female,27.72,0,no,southeast,2464.6188,316-46-5483,001-940-070-8895x207
29,female,21.85,0,yes,northeast,16115.3045,293-81-1612,(151)018-4239x139
32,male,28.12,4,yes,northwest,21472.4788,144-58-4157,(452)217-3272x4007
25,female,30.2,0,yes,southwest,33900.653,312-66-8647,(384)186-8120x7082
41,male,32.2,2,no,southwest,6875.961,790-88-2825,+1-788-698-3924
42,male,26.315,1,no,northwest,6940.90985,322-76-0004,210-866-0436
33,female,26.695,0,no,northwest,4571.41305,458-10-4776,8260576673
34,male,42.9,1,no,southwest,4536.259,660-54-0934,164.353.7871x26636
19,female,34.7,2,yes,southwest,36397.576,068-26-0104,001-969-739-5138
30,female,23.655,3,yes,northwest,18765.87545,684-08-6767,452-535-8419
18,male,28.31,1,no,northeast,11272.33139,427-09-0184,+1-762-153-7265x7561
19,female,20.6,0,no,southwest,1731.677,427-71-8483,(403)284-1386x762
18,male,53.13,0,no,southeast,1163.4627,313-80-6522,397-403-8889
35,male,39.71,4,no,northeast,19496.71917,258-89-3684,540-982-1511
39,female,26.315,2,no,northwest,7201.70085,838-05-5262,001-242-235-9766x76884
31,male,31.065,3,no,northwest,5425.02335,490-12-8483,001-415-831-8120
62,male,26.695,0,yes,northeast,28101.33305,569-57-9153,+1-752-111-1172
62,male,38.83,0,no,southeast,12981.3457,075-38-9705,001-293-213-5671
42,female,40.37,2,yes,southeast,43896.3763,350-73-3630,368.623.5558
31,male,25.935,1,no,northwest,4239.89265,328-37-6699,(181)112-0889
61,male,33.535,0,no,northeast,13143.33665,340-47-4458,891-188-8783
42,female,32.87,0,no,northeast,7050.0213,097-42-2698,971-811-2960
51,male,30.03,1,no,southeast,9377.9047,074-74-4656,(873)919-8163x5642
23,female,24.225,2,no,northeast,22395.74424,780-51-9109,001-428-107-8330x25244
52,male,38.6,2,no,southwest,10325.206,272-75-5269,+1-035-982-1869x43695
57,female,25.74,2,no,southeast,12629.1656,041-35-1467,(506)689-6215x0787
23,female,33.4,0,no,southwest,10795.93733,300-57-9812,+1-100-593-7658x8055
52,female,44.7,3,no,southwest,11411.685,797-25-8122,+1-498-462-1827x2389
50,male,30.97,3,no,northwest,10600.5483,748-82-9640,647.057.4112
18,female,31.92,0,no,northeast,2205.9808,208-38-3790,(812)740-3360x8435
18,female,36.85,0,no,southeast,1629.8335,566-13-9490,404-236-1969x741
21,female,25.8,0,no,southwest,2007.945,553-68-3156,(151)876-9553x036
61,female,29.07,0,yes,northwest,29141.3603,241-64-8764,(929)797-6471x291